,User_ID,Age,Gender,Occupation,Game_Type,Daily_Gaming_Hours,Weekly_Gaming_Hours,Primary_Gaming_Time,Sleep_Hours,Stress_Level,Focus_Level,Academic_or_Work_Score,Productivity_Level,Performance_Impact,Sleep_Categories,Performance_Index
0,U0001,21,Male,Working Professional,Action,4.0,28.0,Morning,4.6,6,4,69,66,Negative,Short Sleep,53.0
1,U0002,35,Female,Student,Sports,1.0,7.0,Night,5.4,2,7,67,72,Neutral,Short Sleep,71.0
2,U0003,26,Male,Student,Puzzle,2.0,14.0,Morning,8.0,4,8,82,82,Positive,Optimal Sleep,81.0
3,U0004,32,Male,Working Professional,Action,1.0,7.0,Night,4.9,7,7,71,66,Neutral,Short Sleep,68.0
4,U0005,19,Male,Working Professional,Action,2.1,14.7,Morning,7.0,7,7,67,63,Neutral,Optimal Sleep,66.5
5,U0006,29,Female,Student,Casual,5.3,37.1,Evening,6.0,9,8,78,75,Neutral,Optimal Sleep,77.5
6,U0007,35,Male,Student,Sports,4.4,30.8,Evening,7.2,3,7,95,92,Neutral,Optimal Sleep,81.0
7,U0008,25,Male,Working Professional,Sports,2.0,14.0,Evening,8.2,5,8,75,70,Positive,Long Sleep,75.0
8,U0009,32,Male,Working Professional,Strategy,0.9,6.3,Morning,8.2,7,4,86,87,Positive,Long Sleep,63.5
9,U0010,25,Male,Working Professional,Action,4.6,32.2,Morning,6.7,8,7,80,80,Neutral,Optimal Sleep,75.0
10,U0011,20,Female,Working Professional,Simulation,5.2,36.4,Evening,5.1,4,9,82,86,Negative,Short Sleep,88.0
11,U0012,35,Female,Working Professional,Action,3.4,23.8,Evening,8.4,2,8,62,67,Neutral,Long Sleep,73.5
12,U0013,21,Female,Student,Strategy,2.9,20.3,Evening,6.3,6,7,66,69,Neutral,Optimal Sleep,69.5
13,U0014,18,Male,Working Professional,Puzzle,4.7,32.9,Morning,6.7,2,7,75,77,Neutral,Optimal Sleep,73.5
14,U0015,35,Male,Student,Casual,0.8,5.6,Evening,8.0,3,3,86,82,Positive,Optimal Sleep,56.0
15,U0016,27,Female,Working Professional,Sports,5.7,39.9,Night,5.2,8,4,89,87,Negative,Short Sleep,63.5
16,U0017,35,Male,Student,Action,3.0,21.0,Morning,5.5,3,5,56,60,Neutral,Short Sleep,55.0
17,U0018,34,Male,Working Professional,Casual,4.4,30.8,Evening,4.7,3,3,76,72,Negative,Short Sleep,51.0
18,U0019,24,Male,Student,Casual,1.7,11.9,Evening,5.0,9,4,85,86,Neutral,Short Sleep,63.0
19,U0020,30,Female,Student,Strategy,2.4,16.8,Morning,6.1,2,8,61,56,Neutral,Optimal Sleep,68.0
20,U0021,25,Male,Working Professional,Simulation,1.5,10.5,Morning,6.3,8,4,72,74,Neutral,Optimal Sleep,57.0
21,U0022,31,Female,Working Professional,Strategy,0.8,5.6,Evening,8.5,2,3,70,67,Positive,Long Sleep,48.5
22,U0023,27,Female,Working Professional,Strategy,5.5,38.5,Morning,5.2,2,6,71,73,Negative,Short Sleep,66.5
23,U0024,19,Female,Student,Action,2.1,14.7,Night,8.4,2,8,75,70,Neutral,Long Sleep,75.0
24,U0025,21,Male,Student,Simulation,0.9,6.3,Morning,5.2,3,8,70,71,Neutral,Short Sleep,75.5
25,U0026,28,Male,Working Professional,Sports,2.8,19.6,Morning,6.8,7,5,68,73,Neutral,Optimal Sleep,61.5
26,U0027,32,Male,Student,Simulation,4.2,29.4,Morning,5.7,7,9,59,54,Negative,Short Sleep,72.0
27,U0028,27,Male,Working Professional,Simulation,3.3,23.1,Night,5.0,7,3,70,70,Neutral,Short Sleep,50.0
28,U0029,21,Male,Working Professional,Action,2.2,15.4,Morning,8.4,2,8,90,89,Neutral,Long Sleep,84.5
29,U0030,24,Female,Working Professional,Puzzle,4.6,32.2,Morning,5.1,6,7,68,68,Negative,Short Sleep,69.0
30,U0031,22,Female,Student,Casual,1.0,7.0,Evening,6.2,6,3,55,55,Neutral,Optimal Sleep,42.5
31,U0032,35,Male,Working Professional,Simulation,3.5,24.5,Night,6.2,2,3,59,56,Neutral,Optimal Sleep,43.0
32,U0033,24,Male,Student,Puzzle,1.3,9.1,Night,5.0,6,5,57,57,Neutral,Short Sleep,53.5
33,U0034,31,Male,Student,Casual,5.4,37.8,Evening,6.1,4,4,65,62,Neutral,Optimal Sleep,51.0
34,U0035,30,Male,Working Professional,Strategy,4.8,33.6,Morning,6.1,5,5,65,61,Neutral,Optimal Sleep,55.5
35,U0036,18,Male,Working Professional,Puzzle,5.0,35.0,Evening,6.3,6,9,69,67,Neutral,Optimal Sleep,78.5
36,U0037,35,Female,Student,Action,5.3,37.1,Evening,8.4,6,5,87,88,Neutral,Long Sleep,69.0
37,U0038,31,Female,Working Professional,Sports,1.5,10.5,Night,8.4,6,3,61,65,Positive,Long Sleep,47.5
38,U0039,18,Male,Working Professional,Sports,5.9,41.3,Morning,5.0,5,5,57,58,Negative,Short Sleep,54.0
39,U0040,34,Female,Working Professional,Puzzle,5.7,39.9,Evening,8.2,7,8,62,61,Neutral,Long Sleep,70.5
40,U0041,23,Female,Working Professional,Simulation,4.3,30.1,Morning,6.7,5,6,79,84,Neutral,Optimal Sleep,72.0
41,U0042,24,Female,Student,Casual,2.2,15.4,Morning,5.3,7,6,83,85,Neutral,Short Sleep,72.5
42,U0043,27,Male,Student,Strategy,2.1,14.7,Morning,7.2,7,3,70,75,Neutral,Optimal Sleep,52.5
43,U0044,24,Female,Working Professional,Sports,0.8,5.6,Morning,8.4,3,6,81,86,Positive,Long Sleep,73.0
44,U0045,23,Female,Student,Simulation,1.3,9.1,Morning,7.3,3,9,82,80,Positive,Optimal Sleep,85.0
45,U0046,34,Female,Working Professional,Simulation,5.5,38.5,Night,5.0,4,9,84,89,Negative,Short Sleep,89.5
46,U0047,26,Male,Working Professional,Simulation,5.4,37.8,Evening,6.2,9,4,85,87,Neutral,Optimal Sleep,63.5
47,U0048,26,Female,Working Professional,Simulation,3.9,27.3,Morning,5.6,3,8,73,71,Neutral,Short Sleep,75.5
48,U0049,31,Female,Working Professional,Simulation,1.3,9.1,Evening,5.4,4,8,68,64,Neutral,Short Sleep,72.0
49,U0050,30,Female,Student,Puzzle,2.8,19.6,Evening,5.3,8,6,92,87,Neutral,Short Sleep,73.5
50,U0051,25,Female,Student,Puzzle,4.6,32.2,Evening,7.9,8,7,89,93,Neutral,Optimal Sleep,81.5
51,U0052,22,Male,Working Professional,Simulation,3.2,22.4,Night,6.1,8,8,65,67,Neutral,Optimal Sleep,73.5
52,U0053,19,Female,Working Professional,Puzzle,4.1,28.7,Morning,4.8,8,4,84,81,Negative,Short Sleep,60.5
53,U0054,20,Female,Student,Casual,3.0,21.0,Night,5.9,8,5,81,80,Neutral,Short Sleep,65.0
54,U0055,19,Male,Student,Strategy,0.8,5.6,Morning,8.3,5,8,59,64,Positive,Long Sleep,72.0
55,U0056,24,Female,Working Professional,Puzzle,3.9,27.3,Morning,5.5,9,8,62,66,Neutral,Short Sleep,73.0
56,U0057,21,Male,Working Professional,Simulation,3.8,26.6,Night,8.4,3,9,65,64,Neutral,Long Sleep,77.0
57,U0058,25,Male,Working Professional,Casual,5.5,38.5,Night,6.0,5,3,92,97,Neutral,Optimal Sleep,63.5
58,U0059,29,Male,Working Professional,Action,4.9,34.3,Evening,7.7,2,5,89,90,Neutral,Optimal Sleep,70.0
59,U0060,31,Male,Working Professional,Simulation,5.0,35.0,Night,4.9,7,8,84,81,Negative,Short Sleep,80.5
60,U0061,26,Female,Student,Sports,4.8,33.6,Night,6.4,6,5,70,66,Neutral,Optimal Sleep,58.0
61,U0062,33,Male,Working Professional,Puzzle,3.9,27.3,Evening,6.0,2,6,75,72,Neutral,Optimal Sleep,66.0
62,U0063,24,Male,Student,Casual,2.0,14.0,Evening,6.9,6,7,55,58,Neutral,Optimal Sleep,64.0
63,U0064,18,Male,Working Professional,Strategy,3.2,22.4,Evening,7.5,9,8,86,88,Neutral,Optimal Sleep,84.0
64,U0065,29,Female,Working Professional,Puzzle,4.3,30.1,Night,5.7,7,6,90,93,Negative,Short Sleep,76.5
65,U0066,21,Male,Student,Strategy,3.0,21.0,Night,5.7,5,3,67,67,Neutral,Short Sleep,48.5
66,U0067,25,Female,Student,Puzzle,3.2,22.4,Morning,7.4,6,3,67,66,Neutral,Optimal Sleep,48.0
67,U0068,22,Female,Student,Action,4.4,30.8,Night,5.0,2,3,90,89,Negative,Short Sleep,59.5
68,U0069,33,Male,Student,Sports,2.1,14.7,Evening,6.4,7,4,58,57,Neutral,Optimal Sleep,48.5
69,U0070,27,Male,Student,Action,0.9,6.3,Night,7.0,2,4,64,68,Positive,Optimal Sleep,54.0
70,U0071,32,Female,Working Professional,Simulation,4.7,32.9,Evening,6.9,5,9,88,89,Neutral,Optimal Sleep,89.5
71,U0072,24,Female,Student,Strategy,2.2,15.4,Morning,7.0,3,9,68,73,Neutral,Optimal Sleep,81.5
72,U0073,33,Female,Student,Strategy,1.5,10.5,Evening,4.8,2,6,83,87,Neutral,Short Sleep,73.5
73,U0074,24,Female,Student,Simulation,4.4,30.8,Morning,7.3,9,3,69,68,Neutral,Optimal Sleep,49.0
74,U0075,27,Female,Working Professional,Action,4.1,28.7,Evening,8.1,4,3,58,55,Neutral,Long Sleep,42.5
75,U0076,32,Male,Student,Sports,4.3,30.1,Night,7.3,6,7,89,91,Neutral,Optimal Sleep,80.5
76,U0077,18,Female,Student,Strategy,2.3,16.1,Evening,5.5,3,4,91,95,Neutral,Short Sleep,67.5
77,U0078,33,Male,Working Professional,Puzzle,3.4,23.8,Evening,6.3,6,4,92,93,Neutral,Optimal Sleep,66.5
78,U0079,27,Female,Student,Sports,2.3,16.1,Morning,7.2,4,5,81,83,Neutral,Optimal Sleep,66.5
79,U0080,35,Female,Working Professional,Action,2.2,15.4,Morning,5.8,8,9,87,82,Neutral,Short Sleep,86.0
80,U0081,24,Female,Student,Puzzle,3.4,23.8,Evening,7.0,9,8,83,78,Neutral,Optimal Sleep,79.0
81,U0082,23,Female,Student,Simulation,5.3,37.1,Evening,6.4,2,8,93,91,Neutral,Optimal Sleep,85.5
82,U0083,22,Female,Working Professional,Simulation,1.0,7.0,Night,8.5,3,6,62,67,Positive,Long Sleep,63.5
83,U0084,22,Female,Student,Simulation,2.0,14.0,Night,7.8,9,4,84,87,Positive,Optimal Sleep,63.5
84,U0085,34,Female,Student,Puzzle,4.6,32.2,Night,5.0,3,5,81,81,Negative,Short Sleep,65.5
85,U0086,35,Female,Working Professional,Puzzle,2.1,14.7,Night,6.8,9,9,64,66,Neutral,Optimal Sleep,78.0
86,U0087,30,Male,Working Professional,Action,4.7,32.9,Evening,6.0,7,9,67,65,Neutral,Optimal Sleep,77.5
87,U0088,19,Male,Working Professional,Action,4.6,32.2,Evening,7.3,8,6,64,66,Neutral,Optimal Sleep,63.0
88,U0089,22,Male,Working Professional,Puzzle,1.0,7.0,Evening,8.1,2,8,64,65,Positive,Long Sleep,72.5
89,U0090,35,Female,Working Professional,Casual,3.9,27.3,Night,6.1,3,9,76,81,Neutral,Optimal Sleep,85.5
90,U0091,27,Male,Student,Sports,5.4,37.8,Morning,6.5,2,7,59,57,Neutral,Optimal Sleep,63.5
91,U0092,18,Male,Working Professional,Action,4.7,32.9,Evening,7.3,3,6,65,64,Neutral,Optimal Sleep,62.0
92,U0093,23,Male,Student,Action,2.5,17.5,Night,6.2,5,7,81,85,Neutral,Optimal Sleep,77.5
93,U0094,25,Female,Working Professional,Sports,5.3,37.1,Evening,7.0,5,6,92,89,Neutral,Optimal Sleep,74.5
94,U0095,20,Female,Working Professional,Simulation,4.2,29.4,Evening,8.1,9,5,89,86,Neutral,Long Sleep,68.0
95,U0096,30,Female,Student,Strategy,4.0,28.0,Evening,6.2,6,6,74,72,Neutral,Optimal Sleep,66.0
96,U0097,18,Male,Working Professional,Puzzle,3.6,25.2,Morning,6.8,6,3,80,79,Neutral,Optimal Sleep,54.5
97,U0098,22,Male,Student,Puzzle,3.8,26.6,Evening,5.9,5,7,71,76,Neutral,Short Sleep,73.0
98,U0099,31,Male,Student,Strategy,0.7,4.9,Night,6.0,4,3,73,73,Neutral,Optimal Sleep,51.5
99,U0100,33,Female,Working Professional,Action,5.3,37.1,Evening,6.0,6,9,65,64,Neutral,Optimal Sleep,77.0
100,U0101,29,Male,Working Professional,Action,5.8,40.6,Evening,5.1,5,9,80,83,Negative,Short Sleep,86.5
101,U0102,29,Male,Student,Sports,3.5,24.5,Morning,6.3,6,7,79,84,Neutral,Optimal Sleep,77.0
102,U0103,20,Female,Working Professional,Casual,3.9,27.3,Evening,8.3,7,7,69,74,Neutral,Long Sleep,72.0
103,U0104,21,Male,Student,Sports,1.1,7.7,Evening,4.7,2,5,86,82,Neutral,Short Sleep,66.0
104,U0105,21,Female,Working Professional,Puzzle,2.5,17.5,Morning,8.3,8,7,64,65,Neutral,Long Sleep,67.5
105,U0106,29,Female,Student,Sports,4.3,30.1,Evening,5.4,9,4,78,74,Negative,Short Sleep,57.0
106,U0107,18,Male,Working Professional,Strategy,1.5,10.5,Morning,5.0,9,3,68,73,Neutral,Short Sleep,51.5
107,U0108,28,Male,Student,Puzzle,4.8,33.6,Morning,5.3,5,7,68,66,Negative,Short Sleep,68.0
108,U0109,18,Female,Student,Simulation,5.9,41.3,Evening,6.7,4,3,56,53,Neutral,Optimal Sleep,41.5
109,U0110,21,Male,Working Professional,Sports,0.6,4.2,Evening,5.6,4,8,81,84,Neutral,Short Sleep,82.0
110,U0111,34,Female,Working Professional,Casual,3.3,23.1,Morning,4.9,5,7,57,62,Neutral,Short Sleep,66.0
111,U0112,32,Male,Student,Puzzle,0.8,5.6,Night,6.4,8,6,61,63,Neutral,Optimal Sleep,61.5
112,U0113,27,Female,Working Professional,Action,1.3,9.1,Night,5.0,7,6,93,96,Neutral,Short Sleep,78.0
113,U0114,31,Female,Working Professional,Sports,1.1,7.7,Evening,7.1,5,6,83,81,Positive,Optimal Sleep,70.5
114,U0115,22,Female,Student,Action,4.5,31.5,Morning,5.8,7,8,71,71,Negative,Short Sleep,75.5
115,U0116,19,Female,Student,Sports,1.0,7.0,Evening,4.9,7,9,63,66,Neutral,Short Sleep,78.0
116,U0117,27,Female,Student,Simulation,5.3,37.1,Night,8.3,8,9,58,57,Neutral,Long Sleep,73.5
117,U0118,35,Female,Student,Puzzle,1.7,11.9,Night,7.1,5,9,61,61,Positive,Optimal Sleep,75.5
118,U0119,23,Female,Working Professional,Puzzle,1.7,11.9,Evening,6.2,2,7,72,67,Neutral,Optimal Sleep,68.5
119,U0120,18,Male,Student,Sports,0.5,3.5,Evening,8.0,8,3,64,69,Positive,Optimal Sleep,49.5
120,U0121,20,Male,Student,Strategy,3.0,21.0,Night,5.1,6,8,75,79,Neutral,Short Sleep,79.5
121,U0122,32,Female,Working Professional,Strategy,0.8,5.6,Night,4.8,9,8,82,84,Neutral,Short Sleep,82.0
122,U0123,34,Female,Student,Strategy,1.1,7.7,Evening,6.2,6,8,92,94,Neutral,Optimal Sleep,87.0
123,U0124,26,Female,Working Professional,Action,5.9,41.3,Morning,4.7,5,5,68,65,Negative,Short Sleep,57.5
124,U0125,34,Female,Student,Sports,3.2,22.4,Night,6.2,4,6,89,87,Neutral,Optimal Sleep,73.5
125,U0126,31,Female,Working Professional,Puzzle,0.7,4.9,Morning,4.6,3,9,75,79,Neutral,Short Sleep,84.5
126,U0127,29,Male,Working Professional,Action,2.7,18.9,Morning,8.4,4,9,94,96,Neutral,Long Sleep,93.0
127,U0128,25,Female,Student,Action,2.9,20.3,Night,6.1,3,6,74,74,Neutral,Optimal Sleep,67.0
128,U0129,22,Male,Student,Strategy,4.0,28.0,Evening,6.6,5,9,77,77,Neutral,Optimal Sleep,83.5
129,U0130,32,Female,Working Professional,Casual,1.6,11.2,Evening,6.9,3,4,95,97,Neutral,Optimal Sleep,68.5
130,U0131,19,Female,Student,Puzzle,1.3,9.1,Evening,4.8,9,8,74,73,Neutral,Short Sleep,76.5
131,U0132,34,Female,Working Professional,Simulation,3.0,21.0,Night,4.7,6,3,60,64,Neutral,Short Sleep,47.0
132,U0133,24,Female,Working Professional,Simulation,5.7,39.9,Morning,7.5,2,6,91,96,Neutral,Optimal Sleep,78.0
133,U0134,23,Male,Student,Casual,5.8,40.6,Evening,6.3,7,8,60,63,Neutral,Optimal Sleep,71.5
134,U0135,30,Female,Working Professional,Casual,6.0,42.0,Night,6.6,4,5,78,77,Neutral,Optimal Sleep,63.5
135,U0136,35,Female,Working Professional,Puzzle,0.8,5.6,Night,7.0,7,3,76,72,Positive,Optimal Sleep,51.0
136,U0137,22,Female,Working Professional,Casual,5.2,36.4,Night,8.4,4,5,60,64,Neutral,Long Sleep,57.0
137,U0138,28,Male,Student,Casual,4.1,28.7,Night,5.0,3,5,90,91,Negative,Short Sleep,70.5
138,U0139,28,Female,Student,Strategy,2.8,19.6,Morning,5.9,7,5,66,64,Neutral,Short Sleep,57.0
139,U0140,19,Female,Student,Simulation,1.4,9.8,Evening,5.7,3,7,89,92,Neutral,Short Sleep,81.0
140,U0141,31,Female,Student,Sports,1.3,9.1,Night,5.2,4,8,83,78,Neutral,Short Sleep,79.0
141,U0142,27,Female,Student,Puzzle,2.1,14.7,Night,7.5,9,4,89,87,Neutral,Optimal Sleep,63.5
142,U0143,34,Female,Student,Strategy,5.7,39.9,Night,8.4,9,9,73,74,Neutral,Long Sleep,82.0
143,U0144,21,Male,Working Professional,Action,1.3,9.1,Morning,5.5,9,9,78,81,Neutral,Short Sleep,85.5
144,U0145,25,Female,Working Professional,Action,2.0,14.0,Evening,8.1,4,9,82,78,Positive,Long Sleep,84.0
145,U0146,25,Male,Working Professional,Action,0.8,5.6,Night,6.5,5,6,60,60,Neutral,Optimal Sleep,60.0
146,U0147,22,Female,Working Professional,Simulation,4.1,28.7,Morning,7.7,4,3,73,75,Neutral,Optimal Sleep,52.5
147,U0148,34,Female,Student,Puzzle,5.5,38.5,Morning,4.6,5,9,64,67,Negative,Short Sleep,78.5
148,U0149,20,Male,Working Professional,Simulation,2.2,15.4,Night,4.7,8,8,94,96,Neutral,Short Sleep,88.0
149,U0150,31,Male,Working Professional,Strategy,0.6,4.2,Night,6.6,5,8,64,63,Neutral,Optimal Sleep,71.5
150,U0151,34,Male,Working Professional,Sports,2.8,19.6,Morning,7.2,3,7,78,74,Neutral,Optimal Sleep,72.0
151,U0152,20,Female,Student,Casual,4.0,28.0,Night,8.4,6,8,56,56,Neutral,Long Sleep,68.0
152,U0153,35,Female,Student,Casual,4.0,28.0,Evening,7.6,7,4,57,57,Neutral,Optimal Sleep,48.5
153,U0154,32,Male,Working Professional,Strategy,5.9,41.3,Morning,6.4,4,9,63,59,Neutral,Optimal Sleep,74.5
154,U0155,35,Female,Working Professional,Action,4.9,34.3,Night,8.0,7,5,87,88,Neutral,Optimal Sleep,69.0
155,U0156,21,Female,Working Professional,Sports,1.6,11.2,Night,5.9,2,9,76,75,Neutral,Short Sleep,82.5
156,U0157,29,Female,Student,Casual,2.9,20.3,Evening,8.3,7,4,86,88,Neutral,Long Sleep,64.0
157,U0158,21,Male,Working Professional,Casual,0.9,6.3,Evening,6.9,4,7,73,73,Neutral,Optimal Sleep,71.5
158,U0159,32,Male,Working Professional,Simulation,2.2,15.4,Evening,6.9,8,4,83,83,Neutral,Optimal Sleep,61.5
159,U0160,29,Male,Student,Strategy,2.0,14.0,Night,8.4,2,3,95,96,Positive,Long Sleep,63.0
160,U0161,29,Female,Working Professional,Simulation,4.2,29.4,Morning,6.3,4,3,70,75,Neutral,Optimal Sleep,52.5
161,U0162,22,Female,Working Professional,Puzzle,3.8,26.6,Night,7.2,7,5,83,79,Neutral,Optimal Sleep,64.5
162,U0163,34,Female,Student,Puzzle,2.0,14.0,Evening,8.3,2,8,66,68,Positive,Long Sleep,74.0
163,U0164,21,Male,Student,Sports,4.4,30.8,Morning,5.4,6,8,86,84,Negative,Short Sleep,82.0
164,U0165,29,Male,Working Professional,Puzzle,5.4,37.8,Morning,6.3,3,9,75,80,Neutral,Optimal Sleep,85.0
165,U0166,25,Male,Student,Strategy,4.4,30.8,Morning,8.2,4,9,78,81,Neutral,Long Sleep,85.5
166,U0167,20,Male,Working Professional,Sports,4.8,33.6,Night,4.6,7,6,90,87,Negative,Short Sleep,73.5
167,U0168,22,Female,Student,Sports,4.5,31.5,Evening,6.6,8,9,91,87,Neutral,Optimal Sleep,88.5
168,U0169,34,Male,Student,Simulation,4.2,29.4,Morning,5.9,4,9,63,64,Negative,Short Sleep,77.0
169,U0170,20,Female,Student,Casual,2.2,15.4,Night,5.1,5,5,88,87,Neutral,Short Sleep,68.5
170,U0171,22,Male,Working Professional,Simulation,2.0,14.0,Morning,7.0,3,7,65,69,Positive,Optimal Sleep,69.5
171,U0172,24,Female,Student,Sports,5.0,35.0,Night,4.6,2,8,91,90,Negative,Short Sleep,85.0
172,U0173,30,Female,Working Professional,Action,3.5,24.5,Night,7.1,6,6,70,75,Neutral,Optimal Sleep,67.5
173,U0174,22,Female,Working Professional,Casual,0.8,5.6,Evening,6.3,9,6,68,68,Neutral,Optimal Sleep,64.0
174,U0175,28,Male,Working Professional,Action,5.9,41.3,Evening,5.0,7,7,90,86,Negative,Short Sleep,78.0
175,U0176,31,Male,Student,Puzzle,3.0,21.0,Night,5.1,2,5,79,83,Neutral,Short Sleep,66.5
176,U0177,33,Female,Working Professional,Action,4.5,31.5,Morning,5.3,4,6,87,89,Negative,Short Sleep,74.5
177,U0178,19,Male,Working Professional,Sports,5.7,39.9,Night,6.5,5,4,92,92,Neutral,Optimal Sleep,66.0
178,U0179,21,Female,Student,Puzzle,5.4,37.8,Night,7.1,9,5,89,84,Neutral,Optimal Sleep,67.0
179,U0180,35,Male,Working Professional,Simulation,2.5,17.5,Evening,6.1,2,6,58,62,Neutral,Optimal Sleep,61.0
180,U0181,21,Male,Student,Sports,0.9,6.3,Evening,6.5,6,9,94,99,Neutral,Optimal Sleep,94.5
181,U0182,34,Female,Student,Action,4.9,34.3,Morning,5.9,7,9,64,62,Negative,Short Sleep,76.0
182,U0183,34,Male,Working Professional,Simulation,1.3,9.1,Evening,5.8,9,7,84,81,Neutral,Short Sleep,75.5
183,U0184,34,Female,Working Professional,Sports,1.4,9.8,Morning,8.5,6,7,76,79,Positive,Long Sleep,74.5
184,U0185,18,Female,Working Professional,Casual,2.5,17.5,Night,7.2,8,7,74,79,Neutral,Optimal Sleep,74.5
185,U0186,30,Male,Student,Action,3.7,25.9,Night,7.4,9,4,88,93,Neutral,Optimal Sleep,66.5
186,U0187,22,Female,Student,Sports,5.7,39.9,Night,4.9,2,6,75,76,Negative,Short Sleep,68.0
187,U0188,24,Female,Working Professional,Simulation,4.8,33.6,Evening,8.2,2,8,63,66,Neutral,Long Sleep,73.0
188,U0189,26,Female,Student,Strategy,2.2,15.4,Evening,5.2,7,7,77,82,Neutral,Short Sleep,76.0
189,U0190,33,Female,Working Professional,Puzzle,3.6,25.2,Night,5.4,6,9,73,71,Neutral,Short Sleep,80.5
190,U0191,35,Female,Working Professional,Puzzle,5.6,39.2,Morning,7.7,6,5,62,66,Neutral,Optimal Sleep,58.0
191,U0192,26,Female,Student,Strategy,2.1,14.7,Night,5.7,3,5,83,88,Neutral,Short Sleep,69.0
192,U0193,25,Male,Student,Casual,2.0,14.0,Night,6.7,6,4,61,65,Neutral,Optimal Sleep,52.5
193,U0194,21,Male,Student,Simulation,1.7,11.9,Morning,5.4,3,6,76,78,Neutral,Short Sleep,69.0
194,U0195,28,Female,Student,Action,2.7,18.9,Night,8.2,9,6,67,66,Neutral,Long Sleep,63.0
195,U0196,19,Female,Working Professional,Strategy,3.7,25.9,Night,6.6,2,4,81,78,Neutral,Optimal Sleep,59.0
196,U0197,21,Female,Working Professional,Sports,5.8,40.6,Night,8.2,2,3,74,78,Neutral,Long Sleep,54.0
197,U0198,26,Male,Student,Puzzle,3.5,24.5,Morning,6.5,4,9,87,89,Neutral,Optimal Sleep,89.5
198,U0199,24,Male,Working Professional,Sports,4.5,31.5,Night,7.1,4,3,76,75,Neutral,Optimal Sleep,52.5
199,U0200,28,Male,Student,Puzzle,2.3,16.1,Evening,6.1,3,4,63,65,Neutral,Optimal Sleep,52.5
200,U0201,18,Female,Working Professional,Casual,1.8,12.6,Morning,7.5,7,5,92,96,Positive,Optimal Sleep,73.0
201,U0202,34,Female,Student,Casual,0.8,5.6,Evening,5.0,6,4,80,85,Neutral,Short Sleep,62.5
202,U0203,29,Female,Working Professional,Simulation,2.5,17.5,Night,5.4,4,6,64,66,Neutral,Short Sleep,63.0
203,U0204,29,Male,Student,Action,5.0,35.0,Night,7.5,3,7,83,86,Neutral,Optimal Sleep,78.0
204,U0205,32,Male,Student,Casual,5.5,38.5,Night,5.3,4,4,75,78,Negative,Short Sleep,59.0
205,U0206,22,Female,Working Professional,Simulation,3.2,22.4,Morning,8.1,9,9,58,60,Neutral,Long Sleep,75.0
206,U0207,26,Male,Student,Simulation,3.6,25.2,Morning,7.2,6,8,56,57,Neutral,Optimal Sleep,68.5
207,U0208,33,Male,Working Professional,Sports,0.7,4.9,Morning,5.9,3,7,58,54,Neutral,Short Sleep,62.0
208,U0209,30,Female,Student,Casual,4.7,32.9,Night,7.6,8,5,79,81,Neutral,Optimal Sleep,65.5
209,U0210,30,Male,Student,Action,5.3,37.1,Morning,5.0,7,3,66,69,Negative,Short Sleep,49.5
210,U0211,25,Female,Working Professional,Strategy,5.9,41.3,Evening,6.4,8,7,79,77,Neutral,Optimal Sleep,73.5
211,U0212,18,Male,Student,Action,1.5,10.5,Morning,8.0,3,3,81,85,Positive,Optimal Sleep,57.5
212,U0213,32,Male,Student,Action,3.8,26.6,Morning,6.3,2,4,57,58,Neutral,Optimal Sleep,49.0
213,U0214,28,Male,Working Professional,Strategy,3.3,23.1,Night,5.7,7,7,93,98,Neutral,Short Sleep,84.0
214,U0215,23,Female,Working Professional,Action,3.4,23.8,Evening,6.2,6,3,90,94,Neutral,Optimal Sleep,62.0
215,U0216,22,Female,Working Professional,Strategy,5.7,39.9,Night,7.2,7,8,81,82,Neutral,Optimal Sleep,81.0
216,U0217,19,Female,Working Professional,Simulation,3.1,21.7,Night,7.9,6,9,64,66,Neutral,Optimal Sleep,78.0
217,U0218,29,Male,Student,Action,1.2,8.4,Evening,5.5,5,5,60,62,Neutral,Short Sleep,56.0
218,U0219,35,Male,Working Professional,Strategy,2.6,18.2,Evening,6.9,2,9,59,57,Neutral,Optimal Sleep,73.5
219,U0220,25,Male,Working Professional,Strategy,2.2,15.4,Night,8.1,5,4,62,64,Neutral,Long Sleep,52.0
220,U0221,26,Female,Working Professional,Sports,2.3,16.1,Morning,5.6,9,7,77,76,Neutral,Short Sleep,73.0
221,U0222,31,Male,Student,Casual,4.9,34.3,Morning,7.4,7,4,78,78,Neutral,Optimal Sleep,59.0
222,U0223,28,Male,Working Professional,Simulation,0.6,4.2,Morning,6.7,8,5,64,62,Neutral,Optimal Sleep,56.0
223,U0224,33,Female,Student,Casual,3.2,22.4,Evening,7.1,7,5,86,91,Neutral,Optimal Sleep,70.5
224,U0225,19,Male,Student,Casual,1.4,9.8,Morning,7.4,9,4,89,94,Positive,Optimal Sleep,67.0
225,U0226,24,Female,Working Professional,Action,4.7,32.9,Night,6.1,5,3,64,59,Neutral,Optimal Sleep,44.5
226,U0227,18,Female,Student,Action,4.0,28.0,Night,8.2,9,8,86,81,Neutral,Long Sleep,80.5
227,U0228,31,Male,Student,Action,4.5,31.5,Night,6.6,6,3,87,92,Neutral,Optimal Sleep,61.0
228,U0229,30,Male,Working Professional,Sports,1.3,9.1,Evening,5.3,6,9,77,76,Neutral,Short Sleep,83.0
229,U0230,19,Male,Working Professional,Sports,3.6,25.2,Evening,8.5,5,5,60,65,Neutral,Long Sleep,57.5
230,U0231,33,Female,Working Professional,Simulation,3.5,24.5,Morning,4.7,2,8,65,61,Neutral,Short Sleep,70.5
231,U0232,26,Male,Student,Casual,5.4,37.8,Evening,8.2,5,4,91,93,Neutral,Long Sleep,66.5
232,U0233,24,Male,Working Professional,Action,5.4,37.8,Evening,6.8,2,4,75,70,Neutral,Optimal Sleep,55.0
233,U0234,30,Male,Student,Simulation,1.4,9.8,Night,5.5,8,8,89,89,Neutral,Short Sleep,84.5
234,U0235,30,Female,Student,Casual,5.9,41.3,Evening,4.7,8,4,59,59,Negative,Short Sleep,49.5
235,U0236,31,Male,Working Professional,Action,4.8,33.6,Night,6.3,5,5,90,91,Neutral,Optimal Sleep,70.5
236,U0237,30,Male,Working Professional,Puzzle,2.1,14.7,Evening,5.5,3,3,72,69,Neutral,Short Sleep,49.5
237,U0238,21,Male,Student,Strategy,1.1,7.7,Evening,4.5,6,6,78,77,Neutral,Short Sleep,68.5
238,U0239,29,Male,Working Professional,Sports,3.0,21.0,Morning,6.7,8,3,56,52,Neutral,Optimal Sleep,41.0
239,U0240,34,Male,Working Professional,Strategy,2.1,14.7,Morning,6.1,3,8,90,88,Neutral,Optimal Sleep,84.0
240,U0241,26,Female,Working Professional,Sports,2.0,14.0,Morning,5.6,4,3,65,66,Neutral,Short Sleep,48.0
241,U0242,32,Male,Student,Puzzle,2.5,17.5,Morning,8.3,9,7,94,92,Neutral,Long Sleep,81.0
242,U0243,28,Female,Student,Puzzle,5.7,39.9,Evening,5.8,8,9,76,78,Negative,Short Sleep,84.0
243,U0244,28,Female,Working Professional,Simulation,3.8,26.6,Morning,7.3,9,5,66,67,Neutral,Optimal Sleep,58.5
244,U0245,24,Male,Student,Casual,2.3,16.1,Evening,5.6,8,5,62,66,Neutral,Short Sleep,58.0
245,U0246,33,Male,Working Professional,Strategy,5.7,39.9,Evening,5.3,6,9,59,60,Negative,Short Sleep,75.0
246,U0247,33,Female,Working Professional,Simulation,4.1,28.7,Morning,7.4,8,3,83,87,Neutral,Optimal Sleep,58.5
247,U0248,29,Male,Student,Simulation,4.8,33.6,Night,5.9,3,3,70,75,Negative,Short Sleep,52.5
248,U0249,18,Male,Working Professional,Strategy,4.2,29.4,Night,6.1,7,9,82,78,Neutral,Optimal Sleep,84.0
249,U0250,32,Male,Working Professional,Action,4.6,32.2,Evening,6.7,5,6,78,79,Neutral,Optimal Sleep,69.5
250,U0251,27,Female,Working Professional,Strategy,1.1,7.7,Night,6.2,3,3,64,64,Neutral,Optimal Sleep,47.0
251,U0252,20,Female,Student,Casual,3.2,22.4,Morning,6.4,9,8,83,83,Neutral,Optimal Sleep,81.5
252,U0253,34,Male,Student,Puzzle,0.6,4.2,Night,5.9,3,8,65,63,Neutral,Short Sleep,71.5
253,U0254,31,Female,Student,Casual,2.8,19.6,Night,6.3,8,8,66,63,Neutral,Optimal Sleep,71.5
254,U0255,24,Female,Student,Simulation,5.4,37.8,Morning,6.3,8,6,55,53,Neutral,Optimal Sleep,56.5
255,U0256,21,Female,Working Professional,Simulation,4.9,34.3,Night,6.6,7,5,67,69,Neutral,Optimal Sleep,59.5
256,U0257,29,Female,Student,Casual,2.2,15.4,Night,6.1,8,7,62,62,Neutral,Optimal Sleep,66.0
257,U0258,21,Male,Working Professional,Action,4.9,34.3,Morning,8.2,3,8,63,63,Neutral,Long Sleep,71.5
258,U0259,30,Female,Student,Sports,2.6,18.2,Night,5.1,8,6,93,90,Neutral,Short Sleep,75.0
259,U0260,27,Male,Student,Puzzle,3.5,24.5,Evening,8.2,4,7,65,67,Neutral,Long Sleep,68.5
260,U0261,30,Female,Working Professional,Casual,3.9,27.3,Evening,8.0,2,6,63,61,Neutral,Optimal Sleep,60.5
261,U0262,18,Male,Working Professional,Action,2.8,19.6,Evening,7.9,9,4,60,64,Neutral,Optimal Sleep,52.0
262,U0263,34,Male,Student,Puzzle,1.7,11.9,Night,5.7,9,7,86,89,Neutral,Short Sleep,79.5
263,U0264,24,Female,Student,Casual,5.0,35.0,Night,6.0,2,9,83,86,Neutral,Optimal Sleep,88.0
264,U0265,20,Female,Student,Strategy,4.6,32.2,Morning,5.7,2,6,71,71,Negative,Short Sleep,65.5
265,U0266,31,Male,Student,Strategy,5.0,35.0,Morning,6.9,7,9,94,99,Neutral,Optimal Sleep,94.5
266,U0267,28,Female,Working Professional,Simulation,4.9,34.3,Evening,6.8,6,7,89,86,Neutral,Optimal Sleep,78.0
267,U0268,26,Male,Student,Strategy,5.7,39.9,Morning,6.6,3,4,81,76,Neutral,Optimal Sleep,58.0
268,U0269,26,Female,Working Professional,Sports,4.4,30.8,Morning,7.8,8,6,64,68,Neutral,Optimal Sleep,64.0
269,U0270,29,Female,Working Professional,Puzzle,4.0,28.0,Night,8.0,3,6,87,86,Neutral,Optimal Sleep,73.0
270,U0271,29,Male,Working Professional,Strategy,0.5,3.5,Evening,7.6,3,8,84,89,Positive,Optimal Sleep,84.5
271,U0272,35,Male,Working Professional,Puzzle,5.0,35.0,Night,6.5,7,9,73,73,Neutral,Optimal Sleep,81.5
272,U0273,32,Female,Student,Sports,4.7,32.9,Morning,4.7,9,3,62,59,Negative,Short Sleep,44.5
273,U0274,29,Female,Student,Puzzle,6.0,42.0,Night,8.1,6,4,72,68,Neutral,Long Sleep,54.0
274,U0275,31,Male,Student,Action,5.5,38.5,Morning,5.2,8,8,74,72,Negative,Short Sleep,76.0
275,U0276,18,Female,Student,Sports,3.1,21.7,Night,5.0,5,7,83,78,Neutral,Short Sleep,74.0
276,U0277,28,Female,Working Professional,Strategy,1.2,8.4,Evening,4.8,8,3,61,57,Neutral,Short Sleep,43.5
277,U0278,34,Male,Student,Sports,4.8,33.6,Evening,7.5,4,8,64,60,Neutral,Optimal Sleep,70.0
278,U0279,32,Male,Student,Action,4.5,31.5,Morning,7.0,4,6,94,99,Neutral,Optimal Sleep,79.5
279,U0280,22,Male,Working Professional,Casual,4.6,32.2,Morning,6.9,8,5,82,82,Neutral,Optimal Sleep,66.0
280,U0281,27,Male,Student,Casual,1.9,13.3,Evening,6.9,6,9,56,61,Neutral,Optimal Sleep,75.5
281,U0282,25,Female,Student,Simulation,2.1,14.7,Morning,4.7,5,6,79,75,Neutral,Short Sleep,67.5
282,U0283,29,Male,Working Professional,Action,5.9,41.3,Morning,8.2,4,6,91,92,Neutral,Long Sleep,76.0
283,U0284,34,Female,Working Professional,Sports,3.7,25.9,Night,4.6,5,3,58,59,Neutral,Short Sleep,44.5
284,U0285,20,Male,Student,Simulation,2.7,18.9,Evening,7.1,4,5,60,59,Neutral,Optimal Sleep,54.5
285,U0286,19,Male,Student,Sports,2.6,18.2,Morning,7.0,3,5,82,80,Neutral,Optimal Sleep,65.0
286,U0287,18,Male,Student,Strategy,3.0,21.0,Evening,6.9,6,8,66,62,Neutral,Optimal Sleep,71.0
287,U0288,26,Male,Student,Puzzle,5.7,39.9,Evening,6.6,6,4,78,75,Neutral,Optimal Sleep,57.5
288,U0289,29,Male,Working Professional,Simulation,2.0,14.0,Morning,4.8,3,6,84,87,Neutral,Short Sleep,73.5
289,U0290,34,Male,Student,Action,2.5,17.5,Morning,5.5,3,7,62,60,Neutral,Short Sleep,65.0
290,U0291,31,Male,Working Professional,Strategy,0.8,5.6,Evening,6.0,4,4,57,60,Neutral,Optimal Sleep,50.0
291,U0292,34,Male,Student,Strategy,5.5,38.5,Night,5.8,3,7,78,74,Negative,Short Sleep,72.0
292,U0293,28,Male,Working Professional,Action,5.9,41.3,Evening,8.3,3,6,73,72,Neutral,Long Sleep,66.0
293,U0294,32,Female,Working Professional,Strategy,1.6,11.2,Night,6.8,6,8,94,92,Neutral,Optimal Sleep,86.0
294,U0295,18,Male,Working Professional,Casual,5.5,38.5,Night,7.5,5,4,55,56,Neutral,Optimal Sleep,48.0
295,U0296,21,Male,Student,Sports,5.3,37.1,Evening,8.3,2,9,79,78,Neutral,Long Sleep,84.0
296,U0297,19,Male,Working Professional,Casual,5.8,40.6,Evening,8.4,4,8,72,68,Neutral,Long Sleep,74.0
297,U0298,30,Male,Student,Sports,3.0,21.0,Night,7.5,3,7,63,68,Neutral,Optimal Sleep,69.0
298,U0299,28,Female,Working Professional,Puzzle,5.8,40.6,Morning,5.4,6,9,75,76,Negative,Short Sleep,83.0
299,U0300,32,Female,Working Professional,Sports,0.9,6.3,Morning,5.3,3,4,61,58,Neutral,Short Sleep,49.0
300,U0301,26,Male,Student,Strategy,3.4,23.8,Night,8.4,5,6,74,76,Neutral,Long Sleep,68.0
301,U0302,20,Male,Working Professional,Sports,2.2,15.4,Night,7.3,2,4,75,72,Neutral,Optimal Sleep,56.0
302,U0303,35,Male,Student,Sports,0.8,5.6,Morning,5.7,4,3,80,82,Neutral,Short Sleep,56.0
303,U0304,24,Female,Working Professional,Casual,4.9,34.3,Night,5.1,2,3,69,66,Negative,Short Sleep,48.0
304,U0305,20,Male,Working Professional,Strategy,5.7,39.9,Morning,4.8,6,9,59,54,Negative,Short Sleep,72.0
305,U0306,19,Male,Working Professional,Casual,5.5,38.5,Evening,7.8,7,3,57,59,Neutral,Optimal Sleep,44.5
306,U0307,23,Female,Working Professional,Sports,3.2,22.4,Morning,6.0,8,4,77,75,Neutral,Optimal Sleep,57.5
307,U0308,31,Female,Student,Action,0.7,4.9,Evening,7.0,5,8,73,75,Positive,Optimal Sleep,77.5
308,U0309,30,Female,Working Professional,Simulation,2.6,18.2,Evening,6.2,5,8,89,84,Neutral,Optimal Sleep,82.0
309,U0310,18,Female,Student,Action,2.4,16.8,Evening,6.8,7,6,72,69,Neutral,Optimal Sleep,64.5
310,U0311,23,Male,Student,Casual,0.8,5.6,Morning,8.5,7,9,92,90,Positive,Long Sleep,90.0
311,U0312,30,Female,Student,Strategy,2.0,14.0,Morning,7.8,2,9,69,73,Positive,Optimal Sleep,81.5
312,U0313,22,Male,Working Professional,Simulation,3.8,26.6,Evening,7.7,7,7,56,56,Neutral,Optimal Sleep,63.0
313,U0314,18,Female,Student,Puzzle,1.5,10.5,Night,4.7,2,4,93,91,Neutral,Short Sleep,65.5
314,U0315,18,Male,Student,Action,1.6,11.2,Night,5.0,4,9,75,70,Neutral,Short Sleep,80.0
315,U0316,21,Female,Working Professional,Puzzle,5.2,36.4,Morning,8.3,7,8,80,84,Neutral,Long Sleep,82.0
316,U0317,28,Male,Working Professional,Strategy,5.9,41.3,Night,7.4,8,9,95,97,Neutral,Optimal Sleep,93.5
317,U0318,23,Male,Working Professional,Simulation,3.7,25.9,Morning,5.2,6,8,73,70,Neutral,Short Sleep,75.0
318,U0319,33,Male,Working Professional,Casual,1.5,10.5,Morning,5.8,5,8,91,87,Neutral,Short Sleep,83.5
319,U0320,28,Female,Student,Puzzle,1.8,12.6,Morning,8.4,4,8,60,65,Positive,Long Sleep,72.5
320,U0321,19,Female,Working Professional,Casual,1.9,13.3,Evening,4.8,6,9,61,56,Neutral,Short Sleep,73.0
321,U0322,30,Male,Working Professional,Simulation,5.8,40.6,Night,8.0,9,6,77,80,Neutral,Optimal Sleep,70.0
322,U0323,18,Female,Working Professional,Action,4.7,32.9,Morning,5.4,9,3,57,56,Negative,Short Sleep,43.0
323,U0324,20,Female,Working Professional,Casual,2.4,16.8,Morning,8.1,4,8,59,62,Neutral,Long Sleep,71.0
324,U0325,28,Male,Student,Sports,2.9,20.3,Night,7.1,8,4,58,54,Neutral,Optimal Sleep,47.0
325,U0326,25,Male,Student,Sports,3.5,24.5,Night,8.2,6,8,73,72,Neutral,Long Sleep,76.0
326,U0327,20,Female,Working Professional,Strategy,3.5,24.5,Morning,6.5,2,5,55,56,Neutral,Optimal Sleep,53.0
327,U0328,27,Female,Working Professional,Sports,0.6,4.2,Night,5.2,6,3,85,81,Neutral,Short Sleep,55.5
328,U0329,29,Male,Working Professional,Action,2.0,14.0,Evening,7.1,8,4,78,79,Positive,Optimal Sleep,59.5
329,U0330,21,Male,Working Professional,Simulation,2.9,20.3,Evening,5.6,6,7,58,55,Neutral,Short Sleep,62.5
330,U0331,31,Female,Student,Sports,5.8,40.6,Evening,6.9,2,9,79,82,Neutral,Optimal Sleep,86.0
331,U0332,22,Male,Working Professional,Strategy,0.9,6.3,Morning,8.1,2,7,91,94,Positive,Long Sleep,82.0
332,U0333,31,Male,Student,Simulation,5.8,40.6,Evening,7.7,4,3,82,78,Neutral,Optimal Sleep,54.0
333,U0334,30,Female,Working Professional,Simulation,2.3,16.1,Evening,7.4,3,3,79,82,Neutral,Optimal Sleep,56.0
334,U0335,22,Male,Student,Simulation,5.5,38.5,Morning,4.5,8,3,81,78,Negative,Short Sleep,54.0
335,U0336,33,Female,Student,Strategy,4.8,33.6,Evening,8.0,7,6,71,72,Neutral,Optimal Sleep,66.0
336,U0337,25,Male,Working Professional,Puzzle,2.7,18.9,Evening,7.0,8,3,80,80,Neutral,Optimal Sleep,55.0
337,U0338,21,Male,Student,Puzzle,0.6,4.2,Night,7.8,6,5,72,74,Positive,Optimal Sleep,62.0
338,U0339,20,Male,Working Professional,Strategy,2.9,20.3,Evening,7.8,6,8,81,85,Neutral,Optimal Sleep,82.5
339,U0340,23,Male,Working Professional,Casual,4.6,32.2,Night,7.5,7,9,58,61,Neutral,Optimal Sleep,75.5
340,U0341,19,Male,Student,Sports,2.7,18.9,Morning,7.6,2,4,67,65,Neutral,Optimal Sleep,52.5
341,U0342,30,Male,Student,Strategy,5.5,38.5,Evening,7.3,6,5,84,87,Neutral,Optimal Sleep,68.5
342,U0343,29,Male,Working Professional,Casual,3.2,22.4,Night,6.3,9,7,90,90,Neutral,Optimal Sleep,80.0
343,U0344,25,Male,Student,Puzzle,1.0,7.0,Night,4.6,2,4,91,89,Neutral,Short Sleep,64.5
344,U0345,23,Male,Student,Puzzle,2.8,19.6,Night,4.6,2,6,63,68,Neutral,Short Sleep,64.0
345,U0346,32,Female,Student,Sports,4.9,34.3,Evening,5.7,6,6,79,79,Negative,Short Sleep,69.5
346,U0347,34,Female,Working Professional,Puzzle,4.2,29.4,Night,7.8,8,7,61,56,Neutral,Optimal Sleep,63.0
347,U0348,26,Female,Student,Strategy,1.1,7.7,Night,4.8,6,8,75,74,Neutral,Short Sleep,77.0
348,U0349,22,Male,Working Professional,Puzzle,4.7,32.9,Evening,8.1,8,8,75,80,Neutral,Long Sleep,80.0
349,U0350,28,Male,Working Professional,Casual,5.5,38.5,Evening,6.1,2,7,91,89,Neutral,Optimal Sleep,79.5
350,U0351,22,Female,Student,Casual,3.3,23.1,Evening,7.9,4,5,61,63,Neutral,Optimal Sleep,56.5
351,U0352,28,Female,Working Professional,Simulation,4.1,28.7,Evening,5.4,5,8,74,75,Negative,Short Sleep,77.5
352,U0353,20,Female,Student,Simulation,3.1,21.7,Morning,5.0,2,9,95,99,Neutral,Short Sleep,94.5
353,U0354,22,Male,Working Professional,Sports,5.3,37.1,Night,6.0,6,6,58,55,Neutral,Optimal Sleep,57.5
354,U0355,33,Female,Student,Puzzle,5.4,37.8,Night,8.4,4,5,66,62,Neutral,Long Sleep,56.0
355,U0356,23,Female,Student,Strategy,0.8,5.6,Night,6.3,5,9,65,69,Neutral,Optimal Sleep,79.5
356,U0357,19,Male,Working Professional,Action,2.9,20.3,Evening,6.2,8,6,79,74,Neutral,Optimal Sleep,67.0
357,U0358,25,Male,Working Professional,Puzzle,4.7,32.9,Morning,6.6,2,8,55,60,Neutral,Optimal Sleep,70.0
358,U0359,27,Female,Working Professional,Casual,1.1,7.7,Night,6.5,6,4,59,54,Neutral,Optimal Sleep,47.0
359,U0360,24,Male,Working Professional,Action,3.8,26.6,Morning,5.9,4,5,86,86,Neutral,Short Sleep,68.0
360,U0361,34,Male,Student,Puzzle,1.7,11.9,Night,8.4,5,8,56,60,Positive,Long Sleep,70.0
361,U0362,19,Male,Student,Casual,4.1,28.7,Morning,4.6,6,9,89,93,Negative,Short Sleep,91.5
362,U0363,26,Female,Student,Strategy,0.8,5.6,Night,5.0,9,6,62,65,Neutral,Short Sleep,62.5
363,U0364,34,Female,Student,Sports,4.3,30.1,Morning,4.5,8,8,61,66,Negative,Short Sleep,73.0
364,U0365,24,Male,Working Professional,Simulation,3.3,23.1,Morning,7.0,6,3,61,63,Neutral,Optimal Sleep,46.5
365,U0366,24,Female,Working Professional,Strategy,2.5,17.5,Morning,6.1,4,3,90,92,Neutral,Optimal Sleep,61.0
366,U0367,33,Male,Student,Simulation,0.6,4.2,Morning,4.9,3,9,91,96,Neutral,Short Sleep,93.0
367,U0368,27,Female,Working Professional,Action,4.5,31.5,Morning,4.9,6,8,69,71,Negative,Short Sleep,75.5
368,U0369,21,Male,Student,Action,5.0,35.0,Morning,8.0,6,5,75,76,Neutral,Optimal Sleep,63.0
369,U0370,20,Female,Working Professional,Strategy,4.1,28.7,Morning,5.2,7,6,94,93,Negative,Short Sleep,76.5
370,U0371,31,Male,Student,Strategy,2.7,18.9,Night,8.3,6,9,79,81,Neutral,Long Sleep,85.5
371,U0372,33,Female,Student,Simulation,4.5,31.5,Evening,8.4,4,3,81,85,Neutral,Long Sleep,57.5
372,U0373,31,Female,Student,Action,4.8,33.6,Evening,6.9,4,6,86,82,Neutral,Optimal Sleep,71.0
373,U0374,34,Male,Working Professional,Casual,4.1,28.7,Night,4.5,5,8,76,79,Negative,Short Sleep,79.5
374,U0375,19,Male,Student,Simulation,1.9,13.3,Evening,5.9,8,4,90,94,Neutral,Short Sleep,67.0
375,U0376,25,Female,Working Professional,Action,5.2,36.4,Night,8.0,3,9,86,86,Neutral,Optimal Sleep,88.0
376,U0377,32,Female,Working Professional,Action,1.7,11.9,Evening,7.1,8,9,70,66,Positive,Optimal Sleep,78.0
377,U0378,30,Female,Student,Simulation,3.0,21.0,Night,5.0,9,8,56,52,Neutral,Short Sleep,66.0
378,U0379,32,Female,Working Professional,Action,0.5,3.5,Morning,4.9,6,7,90,88,Neutral,Short Sleep,79.0
379,U0380,21,Male,Student,Action,5.1,35.7,Evening,5.8,9,8,78,80,Negative,Short Sleep,80.0
380,U0381,21,Male,Student,Sports,2.5,17.5,Morning,7.0,6,7,88,88,Neutral,Optimal Sleep,79.0
381,U0382,24,Male,Student,Sports,5.0,35.0,Morning,7.5,8,3,71,75,Neutral,Optimal Sleep,52.5
382,U0383,21,Female,Working Professional,Casual,3.0,21.0,Night,7.6,7,3,81,76,Neutral,Optimal Sleep,53.0
383,U0384,35,Female,Working Professional,Simulation,5.8,40.6,Morning,5.0,9,3,88,83,Negative,Short Sleep,56.5
384,U0385,28,Female,Working Professional,Simulation,4.3,30.1,Night,5.2,4,3,79,84,Negative,Short Sleep,57.0
385,U0386,22,Female,Working Professional,Casual,4.7,32.9,Night,5.6,7,5,83,80,Negative,Short Sleep,65.0
386,U0387,27,Female,Student,Casual,5.2,36.4,Night,7.3,5,4,68,72,Neutral,Optimal Sleep,56.0
387,U0388,35,Female,Working Professional,Casual,5.9,41.3,Night,5.2,7,8,62,62,Negative,Short Sleep,71.0
388,U0389,21,Male,Working Professional,Strategy,5.4,37.8,Morning,6.6,8,9,55,58,Neutral,Optimal Sleep,74.0
389,U0390,19,Female,Student,Simulation,4.2,29.4,Morning,5.3,4,5,71,68,Negative,Short Sleep,59.0
390,U0391,25,Female,Student,Sports,2.5,17.5,Evening,6.3,5,8,90,91,Neutral,Optimal Sleep,85.5
391,U0392,26,Male,Working Professional,Strategy,2.8,19.6,Night,7.7,7,7,58,53,Neutral,Optimal Sleep,61.5
392,U0393,32,Male,Student,Strategy,4.4,30.8,Morning,7.1,5,9,67,66,Neutral,Optimal Sleep,78.0
393,U0394,26,Male,Student,Simulation,4.5,31.5,Evening,5.0,2,6,72,75,Negative,Short Sleep,67.5
394,U0395,19,Female,Working Professional,Simulation,0.5,3.5,Night,6.4,4,3,64,64,Neutral,Optimal Sleep,47.0
395,U0396,34,Male,Student,Sports,2.5,17.5,Night,7.6,7,7,69,66,Neutral,Optimal Sleep,68.0
396,U0397,29,Female,Student,Simulation,3.5,24.5,Night,4.9,5,4,76,76,Neutral,Short Sleep,58.0
397,U0398,25,Male,Student,Casual,3.1,21.7,Evening,6.7,2,3,77,79,Neutral,Optimal Sleep,54.5
398,U0399,27,Male,Working Professional,Simulation,2.6,18.2,Night,7.7,3,6,71,74,Neutral,Optimal Sleep,67.0
399,U0400,21,Male,Student,Casual,3.0,21.0,Morning,4.7,5,5,87,83,Neutral,Short Sleep,66.5
400,U0401,24,Female,Student,Casual,1.7,11.9,Night,7.0,5,9,82,78,Positive,Optimal Sleep,84.0
401,U0402,19,Male,Working Professional,Simulation,1.3,9.1,Morning,6.3,7,3,60,56,Neutral,Optimal Sleep,43.0
402,U0403,30,Female,Working Professional,Action,3.7,25.9,Evening,5.4,6,6,79,81,Neutral,Short Sleep,70.5
403,U0404,20,Female,Student,Puzzle,4.2,29.4,Night,6.6,3,9,92,87,Neutral,Optimal Sleep,88.5
404,U0405,18,Female,Student,Simulation,2.2,15.4,Morning,4.8,9,6,80,85,Neutral,Short Sleep,72.5
405,U0406,29,Male,Student,Action,1.3,9.1,Morning,6.1,6,8,64,63,Neutral,Optimal Sleep,71.5
406,U0407,24,Female,Student,Strategy,0.5,3.5,Morning,6.9,3,5,68,68,Neutral,Optimal Sleep,59.0
407,U0408,19,Female,Student,Puzzle,1.7,11.9,Night,7.8,5,3,66,71,Positive,Optimal Sleep,50.5
408,U0409,25,Male,Working Professional,Simulation,0.9,6.3,Morning,4.9,9,5,77,74,Neutral,Short Sleep,62.0
409,U0410,27,Male,Working Professional,Puzzle,5.5,38.5,Evening,5.8,9,5,94,99,Negative,Short Sleep,74.5
410,U0411,29,Male,Working Professional,Sports,1.4,9.8,Evening,5.8,5,8,82,81,Neutral,Short Sleep,80.5
411,U0412,20,Female,Student,Simulation,2.9,20.3,Morning,7.6,9,7,61,58,Neutral,Optimal Sleep,64.0
412,U0413,34,Male,Working Professional,Simulation,1.9,13.3,Morning,8.0,3,8,59,54,Positive,Optimal Sleep,67.0
413,U0414,30,Male,Working Professional,Strategy,5.5,38.5,Evening,6.7,9,8,64,64,Neutral,Optimal Sleep,72.0
414,U0415,25,Male,Student,Sports,3.3,23.1,Morning,4.9,7,7,55,60,Neutral,Short Sleep,65.0
415,U0416,19,Male,Working Professional,Strategy,1.5,10.5,Morning,8.3,4,8,85,85,Positive,Long Sleep,82.5
416,U0417,33,Female,Student,Action,2.0,14.0,Night,5.4,5,7,78,79,Neutral,Short Sleep,74.5
417,U0418,35,Male,Working Professional,Casual,2.3,16.1,Evening,7.3,6,9,71,75,Neutral,Optimal Sleep,82.5
418,U0419,25,Female,Working Professional,Puzzle,2.5,17.5,Evening,7.1,3,7,71,72,Neutral,Optimal Sleep,71.0
419,U0420,23,Male,Student,Simulation,4.9,34.3,Night,8.0,2,7,63,65,Neutral,Optimal Sleep,67.5
420,U0421,25,Female,Working Professional,Casual,2.0,14.0,Morning,5.1,4,5,93,89,Neutral,Short Sleep,69.5
421,U0422,31,Male,Student,Action,3.1,21.7,Morning,6.4,5,7,65,70,Neutral,Optimal Sleep,70.0
422,U0423,23,Female,Student,Simulation,3.7,25.9,Evening,5.1,2,7,64,59,Neutral,Short Sleep,64.5
423,U0424,24,Female,Working Professional,Sports,3.8,26.6,Morning,6.8,2,8,73,69,Neutral,Optimal Sleep,74.5
424,U0425,34,Female,Student,Casual,1.7,11.9,Night,6.1,4,9,92,89,Neutral,Optimal Sleep,89.5
425,U0426,22,Male,Student,Strategy,2.4,16.8,Night,6.3,3,4,79,80,Neutral,Optimal Sleep,60.0
426,U0427,21,Male,Working Professional,Simulation,5.2,36.4,Night,6.5,8,9,64,68,Neutral,Optimal Sleep,79.0
427,U0428,22,Male,Working Professional,Simulation,0.7,4.9,Evening,7.6,3,3,85,90,Positive,Optimal Sleep,60.0
428,U0429,29,Male,Working Professional,Strategy,2.5,17.5,Evening,4.7,8,4,85,86,Neutral,Short Sleep,63.0
429,U0430,31,Female,Student,Action,3.1,21.7,Night,5.4,3,5,93,96,Neutral,Short Sleep,73.0
430,U0431,24,Female,Working Professional,Puzzle,4.6,32.2,Morning,4.5,3,7,55,56,Negative,Short Sleep,63.0
431,U0432,29,Female,Working Professional,Strategy,1.4,9.8,Evening,7.1,6,5,89,90,Positive,Optimal Sleep,70.0
432,U0433,33,Female,Working Professional,Simulation,3.5,24.5,Evening,6.7,4,5,90,93,Neutral,Optimal Sleep,71.5
433,U0434,32,Male,Student,Strategy,4.8,33.6,Night,6.1,4,9,62,60,Neutral,Optimal Sleep,75.0
434,U0435,18,Male,Student,Sports,2.7,18.9,Night,5.9,2,4,79,84,Neutral,Short Sleep,62.0
435,U0436,19,Female,Working Professional,Simulation,2.9,20.3,Night,4.8,5,5,60,64,Neutral,Short Sleep,57.0
436,U0437,33,Female,Student,Strategy,3.4,23.8,Night,7.3,2,9,66,71,Neutral,Optimal Sleep,80.5
437,U0438,34,Male,Student,Casual,5.6,39.2,Morning,6.6,5,3,93,96,Neutral,Optimal Sleep,63.0
438,U0439,29,Female,Working Professional,Simulation,2.5,17.5,Morning,7.1,4,3,72,73,Neutral,Optimal Sleep,51.5
439,U0440,35,Female,Working Professional,Puzzle,3.3,23.1,Morning,7.4,3,3,90,89,Neutral,Optimal Sleep,59.5
440,U0441,23,Female,Student,Simulation,3.8,26.6,Morning,5.3,8,7,55,54,Neutral,Short Sleep,62.0
441,U0442,35,Female,Working Professional,Sports,3.3,23.1,Night,5.9,3,9,87,86,Neutral,Short Sleep,88.0
442,U0443,32,Male,Working Professional,Action,3.2,22.4,Evening,5.5,7,9,84,89,Neutral,Short Sleep,89.5
443,U0444,31,Female,Student,Casual,0.9,6.3,Evening,7.0,5,8,69,69,Positive,Optimal Sleep,74.5
444,U0445,33,Female,Working Professional,Strategy,1.9,13.3,Night,4.9,7,3,90,87,Neutral,Short Sleep,58.5
445,U0446,25,Female,Student,Strategy,2.0,14.0,Morning,8.3,5,6,67,65,Positive,Long Sleep,62.5
446,U0447,20,Female,Student,Simulation,5.1,35.7,Morning,7.8,7,4,61,57,Neutral,Optimal Sleep,48.5
447,U0448,33,Male,Working Professional,Sports,5.2,36.4,Morning,6.0,7,6,91,90,Neutral,Optimal Sleep,75.0
448,U0449,34,Female,Working Professional,Casual,4.6,32.2,Morning,5.0,8,6,89,84,Negative,Short Sleep,72.0
449,U0450,24,Female,Student,Puzzle,3.0,21.0,Evening,5.0,9,5,55,50,Neutral,Short Sleep,50.0
450,U0451,28,Female,Student,Sports,3.9,27.3,Evening,5.5,6,4,72,74,Neutral,Short Sleep,57.0
451,U0452,32,Male,Student,Simulation,1.7,11.9,Night,7.3,7,5,80,79,Positive,Optimal Sleep,64.5
452,U0453,31,Female,Student,Strategy,1.8,12.6,Night,4.9,6,9,70,73,Neutral,Short Sleep,81.5
453,U0454,34,Female,Working Professional,Puzzle,1.3,9.1,Evening,7.7,4,6,86,83,Positive,Optimal Sleep,71.5
454,U0455,24,Female,Working Professional,Casual,3.6,25.2,Morning,6.8,8,3,65,60,Neutral,Optimal Sleep,45.0
455,U0456,26,Female,Student,Sports,3.0,21.0,Morning,5.8,7,5,90,93,Neutral,Short Sleep,71.5
456,U0457,35,Male,Working Professional,Puzzle,2.4,16.8,Evening,7.2,5,7,91,96,Neutral,Optimal Sleep,83.0
457,U0458,27,Female,Student,Strategy,4.2,29.4,Night,6.4,9,3,79,83,Neutral,Optimal Sleep,56.5
458,U0459,23,Female,Student,Puzzle,4.9,34.3,Evening,5.8,8,9,59,55,Negative,Short Sleep,72.5
459,U0460,34,Female,Working Professional,Strategy,4.1,28.7,Morning,7.3,8,5,83,83,Neutral,Optimal Sleep,66.5
460,U0461,24,Male,Working Professional,Action,5.2,36.4,Morning,5.0,5,8,71,67,Negative,Short Sleep,73.5
461,U0462,20,Male,Working Professional,Simulation,0.9,6.3,Morning,8.0,2,3,80,83,Positive,Optimal Sleep,56.5
462,U0463,27,Female,Student,Strategy,1.0,7.0,Night,8.2,8,5,69,67,Positive,Long Sleep,58.5
463,U0464,32,Female,Working Professional,Strategy,5.1,35.7,Night,4.6,7,9,75,77,Negative,Short Sleep,83.5
464,U0465,31,Female,Working Professional,Sports,3.5,24.5,Night,6.9,9,8,95,99,Neutral,Optimal Sleep,89.5
465,U0466,22,Female,Student,Action,1.7,11.9,Night,4.9,6,5,81,80,Neutral,Short Sleep,65.0
466,U0467,18,Female,Working Professional,Puzzle,5.0,35.0,Morning,7.9,7,5,85,88,Neutral,Optimal Sleep,69.0
467,U0468,29,Male,Working Professional,Simulation,4.7,32.9,Evening,7.7,5,9,55,58,Neutral,Optimal Sleep,74.0
468,U0469,26,Male,Working Professional,Casual,2.7,18.9,Morning,5.2,8,9,79,77,Neutral,Short Sleep,83.5
469,U0470,31,Male,Student,Strategy,3.3,23.1,Morning,7.7,6,5,89,88,Neutral,Optimal Sleep,69.0
470,U0471,24,Female,Student,Strategy,2.1,14.7,Morning,7.0,9,5,94,96,Neutral,Optimal Sleep,73.0
471,U0472,32,Male,Student,Action,5.8,40.6,Morning,4.6,3,5,72,69,Negative,Short Sleep,59.5
472,U0473,32,Male,Working Professional,Action,0.6,4.2,Morning,5.4,8,5,86,86,Neutral,Short Sleep,68.0
473,U0474,24,Female,Working Professional,Action,0.8,5.6,Morning,7.6,3,7,85,82,Positive,Optimal Sleep,76.0
474,U0475,19,Male,Working Professional,Casual,5.9,41.3,Morning,7.4,8,9,83,81,Neutral,Optimal Sleep,85.5
475,U0476,23,Male,Student,Puzzle,3.4,23.8,Evening,8.4,9,6,74,74,Neutral,Long Sleep,67.0
476,U0477,25,Female,Working Professional,Action,4.0,28.0,Morning,5.3,2,9,68,64,Negative,Short Sleep,77.0
477,U0478,19,Female,Student,Puzzle,4.9,34.3,Morning,6.8,8,9,70,65,Neutral,Optimal Sleep,77.5
478,U0479,19,Female,Student,Casual,1.9,13.3,Night,6.5,7,9,95,90,Neutral,Optimal Sleep,90.0
479,U0480,29,Female,Student,Action,4.9,34.3,Night,5.0,5,5,90,95,Negative,Short Sleep,72.5
480,U0481,35,Female,Working Professional,Strategy,2.6,18.2,Night,7.4,6,3,86,88,Neutral,Optimal Sleep,59.0
481,U0482,23,Male,Student,Sports,1.5,10.5,Evening,5.9,9,5,93,96,Neutral,Short Sleep,73.0
482,U0483,30,Male,Student,Simulation,5.0,35.0,Evening,6.7,9,3,95,98,Neutral,Optimal Sleep,64.0
483,U0484,24,Female,Student,Simulation,4.8,33.6,Evening,5.5,3,8,89,90,Negative,Short Sleep,85.0
484,U0485,20,Male,Student,Strategy,2.3,16.1,Morning,7.1,3,3,88,93,Neutral,Optimal Sleep,61.5
485,U0486,30,Female,Working Professional,Action,1.6,11.2,Evening,6.4,3,3,91,96,Neutral,Optimal Sleep,63.0
486,U0487,32,Male,Working Professional,Simulation,1.7,11.9,Night,7.4,2,4,86,82,Positive,Optimal Sleep,61.0
487,U0488,26,Male,Student,Puzzle,5.7,39.9,Morning,6.2,7,9,58,62,Neutral,Optimal Sleep,76.0
488,U0489,30,Male,Student,Simulation,5.7,39.9,Night,8.3,3,3,69,72,Neutral,Long Sleep,51.0
489,U0490,21,Female,Working Professional,Casual,1.9,13.3,Night,7.0,4,7,90,91,Positive,Optimal Sleep,80.5
490,U0491,28,Male,Working Professional,Puzzle,2.8,19.6,Evening,4.9,4,7,80,83,Neutral,Short Sleep,76.5
491,U0492,28,Male,Student,Sports,3.5,24.5,Night,8.5,7,6,95,96,Neutral,Long Sleep,78.0
492,U0493,19,Female,Student,Simulation,5.6,39.2,Morning,5.5,9,6,80,75,Negative,Short Sleep,67.5
493,U0494,18,Female,Student,Action,6.0,42.0,Morning,5.7,6,4,68,68,Negative,Short Sleep,54.0
494,U0495,25,Female,Working Professional,Action,3.0,21.0,Night,5.1,6,5,92,90,Neutral,Short Sleep,70.0
495,U0496,23,Female,Student,Simulation,2.7,18.9,Night,8.2,3,8,75,77,Neutral,Long Sleep,78.5
496,U0497,29,Female,Working Professional,Action,2.2,15.4,Morning,7.4,8,3,58,58,Neutral,Optimal Sleep,44.0
497,U0498,19,Female,Student,Puzzle,4.6,32.2,Night,7.9,2,8,95,96,Neutral,Optimal Sleep,88.0
498,U0499,30,Female,Student,Strategy,3.6,25.2,Evening,5.8,5,4,58,63,Neutral,Short Sleep,51.5
499,U0500,19,Female,Working Professional,Action,2.1,14.7,Evening,6.1,4,5,60,62,Neutral,Optimal Sleep,56.0
500,U0501,35,Male,Working Professional,Sports,3.3,23.1,Night,7.6,4,9,63,65,Neutral,Optimal Sleep,77.5
501,U0502,31,Female,Student,Action,3.6,25.2,Night,6.7,5,4,59,58,Neutral,Optimal Sleep,49.0
502,U0503,18,Female,Student,Puzzle,2.8,19.6,Night,6.0,5,5,77,81,Neutral,Optimal Sleep,65.5
503,U0504,24,Female,Student,Casual,5.0,35.0,Morning,7.7,4,6,57,55,Neutral,Optimal Sleep,57.5
504,U0505,28,Male,Working Professional,Sports,1.1,7.7,Evening,4.7,4,9,73,68,Neutral,Short Sleep,79.0
505,U0506,26,Female,Student,Casual,0.6,4.2,Night,5.3,5,4,89,92,Neutral,Short Sleep,66.0
506,U0507,27,Male,Working Professional,Action,4.2,29.4,Evening,6.0,2,5,65,60,Neutral,Optimal Sleep,55.0
507,U0508,29,Male,Student,Puzzle,4.1,28.7,Night,4.5,8,8,72,77,Negative,Short Sleep,78.5
508,U0509,35,Male,Student,Strategy,2.6,18.2,Night,8.4,3,5,86,90,Neutral,Long Sleep,70.0
509,U0510,27,Female,Working Professional,Sports,5.8,40.6,Night,6.7,2,3,70,73,Neutral,Optimal Sleep,51.5
510,U0511,25,Female,Student,Casual,1.4,9.8,Evening,5.9,7,5,95,94,Neutral,Short Sleep,72.0
511,U0512,22,Female,Working Professional,Casual,5.3,37.1,Morning,8.1,2,7,72,70,Neutral,Long Sleep,70.0
512,U0513,22,Female,Working Professional,Simulation,1.0,7.0,Evening,6.0,5,6,70,74,Neutral,Optimal Sleep,67.0
513,U0514,24,Male,Working Professional,Casual,3.0,21.0,Night,5.0,4,7,89,94,Neutral,Short Sleep,82.0
514,U0515,23,Female,Student,Simulation,5.4,37.8,Night,8.1,8,9,64,69,Neutral,Long Sleep,79.5
515,U0516,28,Female,Working Professional,Puzzle,5.7,39.9,Evening,5.0,7,9,64,59,Negative,Short Sleep,74.5
516,U0517,22,Male,Student,Simulation,4.6,32.2,Night,7.8,6,4,67,63,Neutral,Optimal Sleep,51.5
517,U0518,18,Female,Student,Casual,2.0,14.0,Evening,6.8,5,7,69,67,Neutral,Optimal Sleep,68.5
518,U0519,30,Female,Working Professional,Strategy,1.2,8.4,Morning,7.9,9,8,78,75,Positive,Optimal Sleep,77.5
519,U0520,24,Male,Student,Strategy,1.6,11.2,Evening,4.6,2,5,81,79,Neutral,Short Sleep,64.5
520,U0521,31,Female,Student,Simulation,5.3,37.1,Night,6.5,7,9,84,82,Neutral,Optimal Sleep,86.0
521,U0522,35,Male,Student,Sports,5.0,35.0,Evening,7.4,8,7,91,95,Neutral,Optimal Sleep,82.5
522,U0523,19,Female,Student,Strategy,5.0,35.0,Evening,4.7,5,7,89,90,Negative,Short Sleep,80.0
523,U0524,27,Male,Student,Sports,2.9,20.3,Night,8.0,6,6,65,66,Neutral,Optimal Sleep,63.0
524,U0525,22,Female,Working Professional,Puzzle,3.0,21.0,Evening,7.4,3,4,92,95,Neutral,Optimal Sleep,67.5
525,U0526,28,Male,Student,Action,0.6,4.2,Morning,6.3,5,6,60,59,Neutral,Optimal Sleep,59.5
526,U0527,23,Female,Working Professional,Action,4.4,30.8,Morning,7.0,3,7,79,82,Neutral,Optimal Sleep,76.0
527,U0528,19,Female,Working Professional,Puzzle,5.5,38.5,Night,6.8,4,4,64,61,Neutral,Optimal Sleep,50.5
528,U0529,18,Female,Student,Sports,4.7,32.9,Evening,6.3,4,3,63,61,Neutral,Optimal Sleep,45.5
529,U0530,24,Female,Working Professional,Sports,5.2,36.4,Evening,6.7,2,7,86,84,Neutral,Optimal Sleep,77.0
530,U0531,35,Male,Student,Strategy,0.9,6.3,Morning,6.9,5,7,72,76,Neutral,Optimal Sleep,73.0
531,U0532,27,Female,Student,Action,0.8,5.6,Morning,5.9,4,9,57,62,Neutral,Short Sleep,76.0
532,U0533,35,Male,Working Professional,Casual,2.8,19.6,Night,5.2,6,7,93,97,Neutral,Short Sleep,83.5
533,U0534,20,Female,Student,Puzzle,2.5,17.5,Evening,4.6,6,5,78,79,Neutral,Short Sleep,64.5
534,U0535,34,Male,Student,Simulation,1.2,8.4,Morning,7.3,6,5,88,89,Positive,Optimal Sleep,69.5
535,U0536,31,Female,Working Professional,Simulation,1.1,7.7,Night,7.4,3,6,93,92,Positive,Optimal Sleep,76.0
536,U0537,34,Female,Working Professional,Strategy,6.0,42.0,Night,5.9,4,7,91,93,Negative,Short Sleep,81.5
537,U0538,32,Male,Student,Simulation,1.8,12.6,Evening,5.7,5,3,62,57,Neutral,Short Sleep,43.5
538,U0539,27,Female,Student,Puzzle,2.8,19.6,Evening,5.8,5,3,95,93,Neutral,Short Sleep,61.5
539,U0540,30,Male,Student,Strategy,3.3,23.1,Evening,5.8,2,3,76,76,Neutral,Short Sleep,53.0
540,U0541,22,Female,Student,Casual,5.1,35.7,Evening,8.2,9,6,57,62,Neutral,Long Sleep,61.0
541,U0542,34,Female,Working Professional,Simulation,5.4,37.8,Night,6.6,7,6,81,76,Neutral,Optimal Sleep,68.0
542,U0543,22,Female,Student,Puzzle,0.6,4.2,Evening,6.8,7,9,77,73,Neutral,Optimal Sleep,81.5
543,U0544,27,Female,Student,Puzzle,3.9,27.3,Evening,7.9,8,4,93,89,Neutral,Optimal Sleep,64.5
544,U0545,34,Female,Student,Action,1.0,7.0,Evening,8.0,7,6,74,72,Positive,Optimal Sleep,66.0
545,U0546,33,Male,Student,Puzzle,4.8,33.6,Evening,7.6,3,6,87,82,Neutral,Optimal Sleep,71.0
546,U0547,22,Male,Student,Sports,4.5,31.5,Evening,6.6,7,4,61,64,Neutral,Optimal Sleep,52.0
547,U0548,20,Female,Working Professional,Action,4.4,30.8,Morning,6.6,2,5,57,62,Neutral,Optimal Sleep,56.0
548,U0549,24,Female,Student,Strategy,3.4,23.8,Evening,7.1,6,3,91,90,Neutral,Optimal Sleep,60.0
549,U0550,22,Male,Working Professional,Action,2.0,14.0,Morning,5.8,9,8,62,61,Neutral,Short Sleep,70.5
550,U0551,35,Female,Working Professional,Strategy,5.8,40.6,Night,6.7,3,4,89,89,Neutral,Optimal Sleep,64.5
551,U0552,28,Female,Student,Strategy,4.9,34.3,Morning,6.8,4,3,74,78,Neutral,Optimal Sleep,54.0
552,U0553,31,Female,Student,Casual,3.1,21.7,Night,7.2,3,6,58,54,Neutral,Optimal Sleep,57.0
553,U0554,28,Male,Student,Sports,5.4,37.8,Night,7.0,9,7,77,76,Neutral,Optimal Sleep,73.0
554,U0555,32,Female,Student,Strategy,1.2,8.4,Morning,7.8,9,3,84,83,Positive,Optimal Sleep,56.5
555,U0556,28,Female,Working Professional,Sports,5.2,36.4,Morning,7.0,7,6,66,71,Neutral,Optimal Sleep,65.5
556,U0557,29,Male,Student,Sports,0.9,6.3,Night,5.0,9,6,65,64,Neutral,Short Sleep,62.0
557,U0558,32,Female,Working Professional,Strategy,4.9,34.3,Night,5.8,3,9,74,77,Negative,Short Sleep,83.5
558,U0559,24,Female,Working Professional,Simulation,1.8,12.6,Evening,5.1,9,6,59,59,Neutral,Short Sleep,59.5
559,U0560,21,Female,Working Professional,Simulation,3.5,24.5,Morning,5.4,3,8,91,93,Neutral,Short Sleep,86.5
560,U0561,30,Female,Working Professional,Casual,5.0,35.0,Night,5.2,8,3,93,89,Negative,Short Sleep,59.5
561,U0562,22,Male,Working Professional,Simulation,0.8,5.6,Evening,5.4,4,7,95,90,Neutral,Short Sleep,80.0
562,U0563,27,Female,Working Professional,Action,2.6,18.2,Night,6.8,5,4,75,74,Neutral,Optimal Sleep,57.0
563,U0564,19,Female,Student,Action,0.5,3.5,Night,8.4,8,9,63,62,Positive,Long Sleep,76.0
564,U0565,25,Female,Working Professional,Casual,3.6,25.2,Evening,8.4,3,9,73,68,Neutral,Long Sleep,79.0
565,U0566,23,Female,Student,Strategy,4.4,30.8,Night,6.1,8,7,68,73,Neutral,Optimal Sleep,71.5
566,U0567,22,Male,Student,Action,2.6,18.2,Night,8.2,8,4,73,78,Neutral,Long Sleep,59.0
567,U0568,20,Male,Working Professional,Sports,0.6,4.2,Night,7.4,9,8,82,79,Positive,Optimal Sleep,79.5
568,U0569,35,Female,Working Professional,Puzzle,3.8,26.6,Morning,6.2,4,6,87,88,Neutral,Optimal Sleep,74.0
569,U0570,26,Female,Working Professional,Action,1.5,10.5,Morning,6.9,9,9,70,73,Neutral,Optimal Sleep,81.5
570,U0571,22,Female,Working Professional,Simulation,3.6,25.2,Morning,7.3,3,7,85,81,Neutral,Optimal Sleep,75.5
571,U0572,20,Female,Student,Puzzle,3.4,23.8,Night,6.9,5,6,95,100,Neutral,Optimal Sleep,80.0
572,U0573,29,Female,Working Professional,Strategy,4.8,33.6,Morning,6.4,9,7,76,77,Neutral,Optimal Sleep,73.5
573,U0574,19,Female,Student,Simulation,4.3,30.1,Morning,6.9,6,8,91,90,Neutral,Optimal Sleep,85.0
574,U0575,22,Male,Working Professional,Puzzle,4.1,28.7,Morning,5.7,2,5,86,82,Negative,Short Sleep,66.0
575,U0576,23,Male,Working Professional,Puzzle,3.9,27.3,Morning,5.6,6,3,62,66,Neutral,Short Sleep,48.0
576,U0577,28,Male,Student,Simulation,1.9,13.3,Morning,7.3,9,4,88,83,Positive,Optimal Sleep,61.5
577,U0578,32,Male,Student,Simulation,5.1,35.7,Night,7.5,8,9,79,77,Neutral,Optimal Sleep,83.5
578,U0579,23,Female,Working Professional,Sports,5.1,35.7,Evening,4.7,6,9,62,57,Negative,Short Sleep,73.5
579,U0580,26,Male,Working Professional,Action,3.1,21.7,Evening,8.3,5,6,79,81,Neutral,Long Sleep,70.5
580,U0581,35,Female,Working Professional,Simulation,5.6,39.2,Night,6.3,7,7,57,53,Neutral,Optimal Sleep,61.5
581,U0582,30,Female,Student,Casual,5.2,36.4,Night,5.8,6,9,61,60,Negative,Short Sleep,75.0
582,U0583,35,Male,Student,Action,3.7,25.9,Morning,5.3,7,8,66,66,Neutral,Short Sleep,73.0
583,U0584,26,Male,Student,Action,2.8,19.6,Night,6.6,9,5,69,68,Neutral,Optimal Sleep,59.0
584,U0585,21,Male,Student,Sports,1.0,7.0,Night,8.3,5,7,95,91,Positive,Long Sleep,80.5
585,U0586,27,Female,Student,Casual,4.7,32.9,Evening,7.1,4,3,66,65,Neutral,Optimal Sleep,47.5
586,U0587,23,Male,Working Professional,Action,5.6,39.2,Evening,5.6,8,8,75,74,Negative,Short Sleep,77.0
587,U0588,32,Male,Working Professional,Strategy,2.6,18.2,Night,8.5,6,9,71,68,Neutral,Long Sleep,79.0
588,U0589,24,Male,Working Professional,Casual,2.7,18.9,Evening,7.1,3,4,89,90,Neutral,Optimal Sleep,65.0
589,U0590,33,Male,Student,Action,1.1,7.7,Night,4.8,6,9,83,78,Neutral,Short Sleep,84.0
590,U0591,34,Female,Working Professional,Sports,2.6,18.2,Evening,5.1,7,6,91,86,Neutral,Short Sleep,73.0
591,U0592,30,Female,Student,Simulation,5.1,35.7,Night,7.6,3,7,69,64,Neutral,Optimal Sleep,67.0
592,U0593,20,Female,Working Professional,Action,5.6,39.2,Evening,5.9,6,6,58,63,Negative,Short Sleep,61.5
593,U0594,30,Male,Working Professional,Casual,4.7,32.9,Evening,5.7,5,4,90,85,Negative,Short Sleep,62.5
594,U0595,32,Male,Student,Action,5.4,37.8,Morning,7.0,7,6,60,65,Neutral,Optimal Sleep,62.5
595,U0596,35,Female,Working Professional,Simulation,0.6,4.2,Evening,8.5,5,6,79,75,Positive,Long Sleep,67.5
596,U0597,30,Male,Student,Casual,5.8,40.6,Night,4.6,7,3,76,71,Negative,Short Sleep,50.5
597,U0598,20,Male,Student,Sports,3.4,23.8,Night,8.3,4,8,92,90,Neutral,Long Sleep,85.0
598,U0599,23,Male,Working Professional,Action,0.6,4.2,Evening,8.1,2,4,63,58,Positive,Long Sleep,49.0
599,U0600,33,Male,Student,Strategy,3.9,27.3,Evening,7.8,3,9,61,57,Neutral,Optimal Sleep,73.5
600,U0601,35,Male,Working Professional,Strategy,2.4,16.8,Morning,7.8,8,5,62,67,Neutral,Optimal Sleep,58.5
601,U0602,23,Female,Student,Sports,3.8,26.6,Morning,5.8,3,5,64,65,Neutral,Short Sleep,57.5
602,U0603,30,Male,Student,Sports,5.6,39.2,Morning,4.7,3,9,95,99,Negative,Short Sleep,94.5
603,U0604,31,Female,Student,Strategy,0.5,3.5,Morning,5.2,3,8,92,91,Neutral,Short Sleep,85.5
604,U0605,19,Male,Working Professional,Simulation,4.0,28.0,Morning,6.6,8,4,66,70,Neutral,Optimal Sleep,55.0
605,U0606,25,Male,Student,Simulation,3.9,27.3,Morning,7.6,7,6,55,58,Neutral,Optimal Sleep,59.0
606,U0607,24,Female,Student,Strategy,3.9,27.3,Morning,8.0,5,6,95,100,Neutral,Optimal Sleep,80.0
607,U0608,19,Male,Working Professional,Puzzle,4.9,34.3,Morning,7.2,9,6,66,63,Neutral,Optimal Sleep,61.5
608,U0609,35,Male,Student,Action,2.9,20.3,Evening,5.8,9,3,61,56,Neutral,Short Sleep,43.0
609,U0610,28,Female,Student,Casual,3.3,23.1,Night,4.8,5,8,83,87,Neutral,Short Sleep,83.5
610,U0611,25,Female,Student,Sports,5.4,37.8,Morning,5.4,3,5,69,65,Negative,Short Sleep,57.5
611,U0612,32,Male,Working Professional,Puzzle,0.9,6.3,Morning,6.8,2,6,64,62,Neutral,Optimal Sleep,61.0
612,U0613,22,Male,Student,Puzzle,3.0,21.0,Morning,5.3,7,5,67,67,Neutral,Short Sleep,58.5
613,U0614,27,Male,Student,Simulation,1.1,7.7,Night,6.4,8,4,76,74,Neutral,Optimal Sleep,57.0
614,U0615,33,Female,Working Professional,Action,5.2,36.4,Night,4.8,9,9,68,72,Negative,Short Sleep,81.0
615,U0616,25,Male,Student,Sports,2.9,20.3,Morning,8.0,5,5,82,86,Neutral,Optimal Sleep,68.0
616,U0617,33,Male,Working Professional,Sports,0.7,4.9,Morning,6.4,2,6,88,89,Neutral,Optimal Sleep,74.5
617,U0618,27,Male,Student,Action,1.0,7.0,Evening,7.5,8,4,63,63,Positive,Optimal Sleep,51.5
618,U0619,18,Female,Working Professional,Strategy,4.2,29.4,Night,5.1,9,9,91,95,Negative,Short Sleep,92.5
619,U0620,18,Male,Working Professional,Casual,2.7,18.9,Evening,7.7,7,8,84,89,Neutral,Optimal Sleep,84.5
620,U0621,24,Male,Working Professional,Casual,3.4,23.8,Morning,5.7,6,8,94,97,Neutral,Short Sleep,88.5
621,U0622,29,Female,Student,Puzzle,3.3,23.1,Evening,8.1,7,3,62,63,Neutral,Long Sleep,46.5
622,U0623,28,Male,Student,Casual,1.5,10.5,Evening,6.7,3,7,68,65,Neutral,Optimal Sleep,67.5
623,U0624,29,Female,Working Professional,Puzzle,4.6,32.2,Morning,7.5,5,9,69,69,Neutral,Optimal Sleep,79.5
624,U0625,33,Female,Working Professional,Simulation,0.8,5.6,Evening,5.9,9,7,88,84,Neutral,Short Sleep,77.0
625,U0626,20,Female,Student,Puzzle,4.9,34.3,Morning,8.3,3,4,84,80,Neutral,Long Sleep,60.0
626,U0627,34,Male,Working Professional,Sports,1.1,7.7,Night,5.6,4,6,64,62,Neutral,Short Sleep,61.0
627,U0628,18,Female,Student,Action,3.5,24.5,Morning,5.0,7,6,83,88,Neutral,Short Sleep,74.0
628,U0629,28,Female,Working Professional,Sports,5.3,37.1,Evening,5.4,7,6,92,92,Negative,Short Sleep,76.0
629,U0630,33,Female,Working Professional,Action,3.6,25.2,Morning,8.1,6,4,71,69,Neutral,Long Sleep,54.5
630,U0631,27,Male,Student,Casual,2.4,16.8,Night,6.3,4,7,65,68,Neutral,Optimal Sleep,69.0
631,U0632,28,Male,Working Professional,Puzzle,5.5,38.5,Evening,7.7,4,4,62,57,Neutral,Optimal Sleep,48.5
632,U0633,22,Female,Working Professional,Simulation,1.5,10.5,Morning,6.7,2,8,75,75,Neutral,Optimal Sleep,77.5
633,U0634,32,Female,Student,Action,3.4,23.8,Night,5.0,2,6,86,83,Neutral,Short Sleep,71.5
634,U0635,22,Female,Working Professional,Casual,3.5,24.5,Morning,6.5,6,6,73,77,Neutral,Optimal Sleep,68.5
635,U0636,27,Male,Working Professional,Simulation,4.5,31.5,Morning,8.1,4,8,90,86,Neutral,Long Sleep,83.0
636,U0637,34,Male,Working Professional,Strategy,3.0,21.0,Morning,4.9,2,7,67,71,Neutral,Short Sleep,70.5
637,U0638,33,Female,Student,Casual,1.0,7.0,Evening,7.9,3,7,80,78,Positive,Optimal Sleep,74.0
638,U0639,18,Female,Working Professional,Puzzle,2.7,18.9,Evening,7.4,8,5,79,79,Neutral,Optimal Sleep,64.5
639,U0640,32,Female,Student,Casual,5.9,41.3,Evening,8.0,3,4,83,84,Neutral,Optimal Sleep,62.0
640,U0641,33,Female,Student,Simulation,4.5,31.5,Evening,6.2,3,4,68,67,Neutral,Optimal Sleep,53.5
641,U0642,32,Male,Student,Strategy,1.0,7.0,Evening,6.1,6,6,66,69,Neutral,Optimal Sleep,64.5
642,U0643,33,Female,Student,Action,2.1,14.7,Morning,6.5,6,9,92,91,Neutral,Optimal Sleep,90.5
643,U0644,23,Female,Student,Action,1.3,9.1,Morning,5.7,9,3,73,74,Neutral,Short Sleep,52.0
644,U0645,33,Female,Working Professional,Casual,4.7,32.9,Night,6.5,3,7,78,82,Neutral,Optimal Sleep,76.0
645,U0646,18,Female,Student,Simulation,3.1,21.7,Morning,7.3,3,5,87,91,Neutral,Optimal Sleep,70.5
646,U0647,26,Female,Working Professional,Casual,1.3,9.1,Evening,6.3,4,5,65,60,Neutral,Optimal Sleep,55.0
647,U0648,23,Male,Student,Simulation,0.8,5.6,Evening,5.7,3,7,67,72,Neutral,Short Sleep,71.0
648,U0649,35,Female,Student,Action,5.3,37.1,Morning,7.8,6,5,78,74,Neutral,Optimal Sleep,62.0
649,U0650,21,Male,Student,Simulation,3.3,23.1,Morning,6.0,9,6,76,73,Neutral,Optimal Sleep,66.5
650,U0651,21,Male,Student,Sports,5.1,35.7,Evening,7.7,3,6,84,80,Neutral,Optimal Sleep,70.0
651,U0652,23,Female,Student,Casual,2.2,15.4,Morning,6.0,9,7,88,88,Neutral,Optimal Sleep,79.0
652,U0653,22,Male,Student,Action,1.7,11.9,Evening,7.9,4,8,69,68,Positive,Optimal Sleep,74.0
653,U0654,19,Male,Student,Action,4.3,30.1,Night,7.6,3,3,85,86,Neutral,Optimal Sleep,58.0
654,U0655,27,Male,Student,Action,3.3,23.1,Night,4.7,3,5,57,53,Neutral,Short Sleep,51.5
655,U0656,20,Male,Working Professional,Simulation,1.6,11.2,Evening,8.1,4,8,77,72,Positive,Long Sleep,76.0
656,U0657,21,Male,Student,Casual,2.4,16.8,Morning,7.9,5,7,91,87,Neutral,Optimal Sleep,78.5
657,U0658,34,Female,Working Professional,Casual,5.8,40.6,Night,5.2,2,8,61,59,Negative,Short Sleep,69.5
658,U0659,31,Male,Student,Sports,1.5,10.5,Morning,7.2,3,4,77,78,Positive,Optimal Sleep,59.0
659,U0660,33,Female,Working Professional,Simulation,4.7,32.9,Night,5.8,9,3,88,85,Negative,Short Sleep,57.5
660,U0661,27,Female,Student,Simulation,0.7,4.9,Evening,5.8,3,6,73,75,Neutral,Short Sleep,67.5
661,U0662,29,Male,Student,Casual,2.1,14.7,Evening,7.9,5,9,59,61,Neutral,Optimal Sleep,75.5
662,U0663,30,Male,Student,Action,4.2,29.4,Evening,6.1,3,3,64,65,Neutral,Optimal Sleep,47.5
663,U0664,33,Female,Working Professional,Casual,5.9,41.3,Evening,5.9,8,3,69,70,Negative,Short Sleep,50.0
664,U0665,22,Female,Student,Action,2.5,17.5,Evening,7.2,8,6,87,86,Neutral,Optimal Sleep,73.0
665,U0666,20,Female,Student,Strategy,3.2,22.4,Evening,5.4,4,3,61,56,Neutral,Short Sleep,43.0
666,U0667,20,Female,Working Professional,Strategy,3.8,26.6,Evening,5.8,6,7,94,90,Neutral,Short Sleep,80.0
667,U0668,35,Male,Student,Sports,4.1,28.7,Morning,6.5,6,7,76,79,Neutral,Optimal Sleep,74.5
668,U0669,19,Male,Working Professional,Casual,2.6,18.2,Morning,5.8,8,6,84,79,Neutral,Short Sleep,69.5
669,U0670,33,Female,Working Professional,Simulation,3.2,22.4,Morning,5.0,8,6,62,66,Neutral,Short Sleep,63.0
670,U0671,29,Female,Working Professional,Action,3.3,23.1,Morning,6.1,9,7,79,83,Neutral,Optimal Sleep,76.5
671,U0672,28,Female,Student,Sports,3.7,25.9,Evening,5.0,7,5,92,87,Neutral,Short Sleep,68.5
672,U0673,25,Female,Student,Casual,6.0,42.0,Morning,6.1,2,8,70,68,Neutral,Optimal Sleep,74.0
673,U0674,19,Female,Working Professional,Simulation,5.3,37.1,Night,5.0,4,3,89,89,Negative,Short Sleep,59.5
674,U0675,30,Female,Working Professional,Simulation,5.5,38.5,Morning,5.6,9,7,56,56,Negative,Short Sleep,63.0
675,U0676,28,Male,Working Professional,Puzzle,4.9,34.3,Evening,4.9,5,5,86,89,Negative,Short Sleep,69.5
676,U0677,27,Female,Student,Puzzle,1.6,11.2,Night,7.0,3,9,89,87,Positive,Optimal Sleep,88.5
677,U0678,28,Female,Student,Simulation,2.7,18.9,Night,5.4,3,8,92,88,Neutral,Short Sleep,84.0
678,U0679,27,Female,Working Professional,Strategy,3.1,21.7,Evening,5.3,3,8,74,77,Neutral,Short Sleep,78.5
679,U0680,18,Male,Working Professional,Strategy,2.7,18.9,Night,7.0,9,8,90,87,Neutral,Optimal Sleep,83.5
680,U0681,31,Male,Student,Puzzle,5.8,40.6,Evening,7.5,9,5,95,98,Neutral,Optimal Sleep,74.0
681,U0682,28,Male,Student,Sports,1.3,9.1,Evening,5.1,6,9,82,83,Neutral,Short Sleep,86.5
682,U0683,30,Male,Student,Strategy,5.0,35.0,Morning,7.1,6,8,93,91,Neutral,Optimal Sleep,85.5
683,U0684,31,Female,Student,Strategy,0.7,4.9,Morning,7.7,6,6,86,89,Positive,Optimal Sleep,74.5
684,U0685,19,Female,Student,Action,2.0,14.0,Morning,4.6,6,8,90,87,Neutral,Short Sleep,83.5
685,U0686,20,Female,Student,Strategy,2.2,15.4,Morning,5.7,3,6,78,83,Neutral,Short Sleep,71.5
686,U0687,26,Female,Student,Strategy,3.6,25.2,Night,6.5,3,7,92,95,Neutral,Optimal Sleep,82.5
687,U0688,25,Female,Student,Strategy,1.2,8.4,Morning,7.7,7,9,92,93,Positive,Optimal Sleep,91.5
688,U0689,19,Female,Working Professional,Casual,1.5,10.5,Morning,8.4,9,6,71,75,Positive,Long Sleep,67.5
689,U0690,33,Female,Working Professional,Action,2.2,15.4,Night,6.2,5,5,64,64,Neutral,Optimal Sleep,57.0
690,U0691,35,Female,Working Professional,Casual,5.8,40.6,Night,6.9,2,8,70,69,Neutral,Optimal Sleep,74.5
691,U0692,30,Male,Working Professional,Puzzle,2.5,17.5,Evening,7.7,3,7,70,72,Neutral,Optimal Sleep,71.0
692,U0693,32,Female,Working Professional,Action,1.0,7.0,Evening,7.8,5,5,68,65,Positive,Optimal Sleep,57.5
693,U0694,31,Male,Student,Casual,5.3,37.1,Evening,7.8,9,6,81,81,Neutral,Optimal Sleep,70.5
694,U0695,23,Female,Student,Action,3.3,23.1,Evening,5.9,7,6,56,51,Neutral,Short Sleep,55.5
695,U0696,34,Male,Working Professional,Puzzle,1.6,11.2,Evening,5.7,3,3,65,63,Neutral,Short Sleep,46.5
696,U0697,27,Male,Student,Sports,3.1,21.7,Evening,7.4,6,4,92,92,Neutral,Optimal Sleep,66.0
697,U0698,25,Male,Working Professional,Strategy,1.5,10.5,Evening,8.0,5,3,56,59,Positive,Optimal Sleep,44.5
698,U0699,26,Male,Student,Puzzle,4.4,30.8,Morning,5.2,8,7,82,86,Negative,Short Sleep,78.0
699,U0700,33,Male,Student,Casual,5.7,39.9,Morning,5.0,8,9,84,89,Negative,Short Sleep,89.5
700,U0701,22,Female,Student,Simulation,1.5,10.5,Morning,7.9,6,5,86,87,Positive,Optimal Sleep,68.5
701,U0702,22,Male,Working Professional,Puzzle,6.0,42.0,Morning,5.6,5,6,66,67,Negative,Short Sleep,63.5
702,U0703,18,Female,Student,Puzzle,3.9,27.3,Night,8.1,7,7,84,80,Neutral,Long Sleep,75.0
703,U0704,26,Male,Student,Simulation,2.7,18.9,Morning,5.3,8,8,82,86,Neutral,Short Sleep,83.0
704,U0705,19,Male,Working Professional,Simulation,0.8,5.6,Night,8.2,9,5,93,98,Positive,Long Sleep,74.0
705,U0706,23,Female,Student,Simulation,2.6,18.2,Evening,8.4,7,4,90,85,Neutral,Long Sleep,62.5
706,U0707,31,Male,Working Professional,Action,5.6,39.2,Evening,8.0,4,3,75,78,Neutral,Optimal Sleep,54.0
707,U0708,27,Female,Working Professional,Simulation,0.7,4.9,Evening,5.0,6,8,78,79,Neutral,Short Sleep,79.5
708,U0709,32,Male,Student,Strategy,2.9,20.3,Morning,5.2,9,9,64,67,Neutral,Short Sleep,78.5
709,U0710,21,Female,Student,Sports,1.8,12.6,Evening,4.6,6,4,84,85,Neutral,Short Sleep,62.5
710,U0711,21,Female,Student,Strategy,5.9,41.3,Evening,6.7,9,6,62,59,Neutral,Optimal Sleep,59.5
711,U0712,18,Male,Working Professional,Action,1.5,10.5,Morning,5.2,6,7,92,90,Neutral,Short Sleep,80.0
712,U0713,21,Female,Working Professional,Simulation,4.7,32.9,Morning,7.2,7,3,73,78,Neutral,Optimal Sleep,54.0
713,U0714,26,Male,Working Professional,Action,5.1,35.7,Night,5.1,3,6,85,87,Negative,Short Sleep,73.5
714,U0715,27,Female,Student,Casual,3.9,27.3,Morning,6.3,4,4,58,63,Neutral,Optimal Sleep,51.5
715,U0716,25,Female,Student,Action,3.5,24.5,Morning,6.9,3,6,71,68,Neutral,Optimal Sleep,64.0
716,U0717,27,Female,Working Professional,Casual,1.4,9.8,Evening,7.6,6,8,64,60,Positive,Optimal Sleep,70.0
717,U0718,34,Male,Working Professional,Sports,5.5,38.5,Evening,6.9,7,8,61,61,Neutral,Optimal Sleep,70.5
718,U0719,23,Female,Working Professional,Action,3.1,21.7,Morning,6.8,8,3,82,82,Neutral,Optimal Sleep,56.0
719,U0720,34,Male,Working Professional,Sports,3.3,23.1,Evening,8.4,5,8,64,66,Neutral,Long Sleep,73.0
720,U0721,27,Male,Working Professional,Puzzle,0.9,6.3,Night,7.7,6,4,63,68,Positive,Optimal Sleep,54.0
721,U0722,31,Female,Student,Sports,0.8,5.6,Night,4.8,2,7,61,64,Neutral,Short Sleep,67.0
722,U0723,34,Male,Student,Casual,4.5,31.5,Night,7.8,7,5,92,88,Neutral,Optimal Sleep,69.0
723,U0724,27,Female,Working Professional,Casual,3.0,21.0,Evening,7.6,8,3,60,61,Neutral,Optimal Sleep,45.5
724,U0725,26,Male,Working Professional,Simulation,3.9,27.3,Morning,5.6,4,4,66,62,Neutral,Short Sleep,51.0
725,U0726,30,Female,Working Professional,Simulation,0.5,3.5,Night,5.0,4,8,85,87,Neutral,Short Sleep,83.5
726,U0727,22,Male,Student,Strategy,2.5,17.5,Morning,7.2,8,9,74,70,Neutral,Optimal Sleep,80.0
727,U0728,33,Male,Student,Sports,5.0,35.0,Night,7.3,5,9,56,54,Neutral,Optimal Sleep,72.0
728,U0729,33,Female,Student,Action,5.2,36.4,Morning,6.7,3,5,84,81,Neutral,Optimal Sleep,65.5
729,U0730,32,Male,Student,Puzzle,5.5,38.5,Night,7.5,9,6,85,80,Neutral,Optimal Sleep,70.0
730,U0731,31,Female,Working Professional,Casual,5.1,35.7,Night,6.1,7,3,61,66,Neutral,Optimal Sleep,48.0
731,U0732,33,Female,Student,Casual,3.8,26.6,Morning,6.7,6,3,86,87,Neutral,Optimal Sleep,58.5
732,U0733,31,Female,Student,Sports,3.4,23.8,Night,6.2,7,7,59,58,Neutral,Optimal Sleep,64.0
733,U0734,24,Female,Working Professional,Sports,5.7,39.9,Morning,5.9,8,3,65,64,Negative,Short Sleep,47.0
734,U0735,27,Female,Working Professional,Casual,3.3,23.1,Night,6.9,7,7,84,81,Neutral,Optimal Sleep,75.5
735,U0736,20,Female,Student,Strategy,4.5,31.5,Morning,7.7,4,7,68,67,Neutral,Optimal Sleep,68.5
736,U0737,24,Male,Student,Puzzle,1.4,9.8,Evening,6.5,8,6,74,72,Neutral,Optimal Sleep,66.0
737,U0738,31,Male,Student,Action,2.5,17.5,Night,5.1,2,9,59,59,Neutral,Short Sleep,74.5
738,U0739,35,Female,Student,Casual,1.7,11.9,Night,5.5,7,9,77,72,Neutral,Short Sleep,81.0
739,U0740,21,Male,Student,Simulation,3.8,26.6,Morning,4.9,2,6,84,80,Neutral,Short Sleep,70.0
740,U0741,32,Female,Student,Strategy,1.4,9.8,Night,5.0,5,5,65,64,Neutral,Short Sleep,57.0
741,U0742,31,Male,Student,Sports,2.5,17.5,Evening,7.8,3,9,67,69,Neutral,Optimal Sleep,79.5
742,U0743,25,Male,Working Professional,Strategy,2.1,14.7,Morning,5.2,6,5,81,81,Neutral,Short Sleep,65.5
743,U0744,29,Male,Working Professional,Strategy,4.9,34.3,Morning,6.2,8,6,88,93,Neutral,Optimal Sleep,76.5
744,U0745,30,Male,Working Professional,Action,4.4,30.8,Evening,6.6,3,3,76,76,Neutral,Optimal Sleep,53.0
745,U0746,34,Female,Working Professional,Sports,4.7,32.9,Night,7.1,4,7,58,63,Neutral,Optimal Sleep,66.5
746,U0747,34,Male,Working Professional,Sports,4.4,30.8,Night,8.0,7,5,55,54,Neutral,Optimal Sleep,52.0
747,U0748,30,Male,Working Professional,Action,1.6,11.2,Morning,6.7,9,8,77,82,Neutral,Optimal Sleep,81.0
748,U0749,24,Male,Working Professional,Simulation,3.5,24.5,Evening,6.1,4,7,89,88,Neutral,Optimal Sleep,79.0
749,U0750,26,Male,Working Professional,Casual,4.7,32.9,Evening,5.1,2,9,89,93,Negative,Short Sleep,91.5
750,U0751,34,Female,Student,Action,5.9,41.3,Night,4.9,2,9,78,77,Negative,Short Sleep,83.5
751,U0752,35,Male,Working Professional,Puzzle,5.7,39.9,Evening,6.3,2,6,76,74,Neutral,Optimal Sleep,67.0
752,U0753,25,Male,Working Professional,Simulation,4.2,29.4,Night,7.8,4,8,79,82,Neutral,Optimal Sleep,81.0
753,U0754,31,Male,Student,Action,1.6,11.2,Evening,7.6,9,3,64,65,Positive,Optimal Sleep,47.5
754,U0755,34,Female,Working Professional,Puzzle,5.4,37.8,Night,6.4,9,3,78,83,Neutral,Optimal Sleep,56.5
755,U0756,23,Male,Student,Sports,3.2,22.4,Night,6.2,9,8,86,87,Neutral,Optimal Sleep,83.5
756,U0757,33,Male,Student,Simulation,3.0,21.0,Evening,8.4,3,8,68,70,Neutral,Long Sleep,75.0
757,U0758,27,Male,Student,Action,5.6,39.2,Evening,5.0,8,3,62,62,Negative,Short Sleep,46.0
758,U0759,22,Female,Student,Puzzle,2.2,15.4,Evening,6.0,6,6,56,53,Neutral,Optimal Sleep,56.5
759,U0760,29,Male,Student,Sports,1.7,11.9,Evening,7.8,9,3,62,65,Positive,Optimal Sleep,47.5
760,U0761,22,Male,Working Professional,Sports,3.7,25.9,Night,6.8,7,9,79,81,Neutral,Optimal Sleep,85.5
761,U0762,31,Female,Student,Sports,3.0,21.0,Evening,8.0,7,3,94,99,Neutral,Optimal Sleep,64.5
762,U0763,20,Male,Student,Simulation,3.5,24.5,Night,8.3,9,8,72,77,Neutral,Long Sleep,78.5
763,U0764,24,Male,Student,Sports,4.9,34.3,Night,7.3,3,8,90,86,Neutral,Optimal Sleep,83.0
764,U0765,25,Female,Student,Simulation,5.4,37.8,Night,5.0,4,3,72,70,Negative,Short Sleep,50.0
765,U0766,31,Male,Working Professional,Action,2.3,16.1,Night,6.9,9,9,56,56,Neutral,Optimal Sleep,73.0
766,U0767,27,Male,Student,Puzzle,2.2,15.4,Morning,5.5,3,3,89,86,Neutral,Short Sleep,58.0
767,U0768,23,Male,Student,Puzzle,1.3,9.1,Evening,8.3,4,3,94,94,Positive,Long Sleep,62.0
768,U0769,19,Male,Student,Simulation,1.0,7.0,Night,5.1,7,5,79,75,Neutral,Short Sleep,62.5
769,U0770,28,Female,Working Professional,Action,1.8,12.6,Evening,6.5,8,3,72,67,Neutral,Optimal Sleep,48.5
770,U0771,21,Male,Student,Puzzle,0.7,4.9,Night,7.0,2,5,90,94,Positive,Optimal Sleep,72.0
771,U0772,35,Male,Student,Simulation,2.7,18.9,Evening,4.8,5,9,64,64,Neutral,Short Sleep,77.0
772,U0773,27,Male,Student,Action,5.8,40.6,Evening,6.7,2,3,84,88,Neutral,Optimal Sleep,59.0
773,U0774,34,Female,Student,Strategy,2.0,14.0,Night,5.5,8,5,95,93,Neutral,Short Sleep,71.5
774,U0775,35,Female,Working Professional,Strategy,3.4,23.8,Night,4.8,3,6,62,59,Neutral,Short Sleep,59.5
775,U0776,26,Male,Working Professional,Puzzle,3.3,23.1,Morning,7.7,7,8,71,73,Neutral,Optimal Sleep,76.5
776,U0777,18,Female,Student,Action,3.0,21.0,Night,6.9,2,8,63,68,Neutral,Optimal Sleep,74.0
777,U0778,20,Male,Student,Casual,1.5,10.5,Evening,6.7,9,9,80,83,Neutral,Optimal Sleep,86.5
778,U0779,30,Male,Student,Action,4.2,29.4,Evening,5.9,8,9,93,93,Negative,Short Sleep,91.5
779,U0780,29,Male,Student,Simulation,2.5,17.5,Night,5.3,2,4,56,55,Neutral,Short Sleep,47.5
780,U0781,26,Female,Student,Action,2.2,15.4,Morning,7.4,5,6,78,73,Neutral,Optimal Sleep,66.5
781,U0782,34,Female,Student,Simulation,5.9,41.3,Morning,7.1,3,9,72,76,Neutral,Optimal Sleep,83.0
782,U0783,20,Male,Working Professional,Simulation,4.1,28.7,Morning,6.8,4,3,92,89,Neutral,Optimal Sleep,59.5
783,U0784,35,Female,Working Professional,Action,5.3,37.1,Evening,7.4,6,4,56,61,Neutral,Optimal Sleep,50.5
784,U0785,31,Female,Student,Casual,4.0,28.0,Night,8.3,2,9,75,76,Neutral,Long Sleep,83.0
785,U0786,26,Female,Working Professional,Puzzle,3.1,21.7,Morning,5.9,2,8,69,64,Neutral,Short Sleep,72.0
786,U0787,20,Male,Student,Strategy,2.7,18.9,Evening,5.8,2,8,69,70,Neutral,Short Sleep,75.0
787,U0788,18,Female,Working Professional,Strategy,2.2,15.4,Morning,7.0,3,3,85,86,Neutral,Optimal Sleep,58.0
788,U0789,25,Male,Working Professional,Action,3.1,21.7,Night,8.3,2,9,76,79,Neutral,Long Sleep,84.5
789,U0790,20,Male,Student,Sports,3.0,21.0,Morning,5.0,2,3,79,79,Neutral,Short Sleep,54.5
790,U0791,19,Female,Working Professional,Sports,2.2,15.4,Morning,7.0,3,3,58,61,Neutral,Optimal Sleep,45.5
791,U0792,31,Male,Working Professional,Casual,3.9,27.3,Night,6.1,2,6,79,81,Neutral,Optimal Sleep,70.5
792,U0793,21,Male,Student,Simulation,4.8,33.6,Morning,6.3,7,7,67,63,Neutral,Optimal Sleep,66.5
793,U0794,32,Male,Student,Strategy,5.5,38.5,Morning,5.0,6,5,81,83,Negative,Short Sleep,66.5
794,U0795,35,Male,Student,Sports,0.8,5.6,Evening,5.7,8,7,77,76,Neutral,Short Sleep,73.0
795,U0796,22,Male,Student,Simulation,3.8,26.6,Night,5.7,2,7,92,97,Neutral,Short Sleep,83.5
796,U0797,20,Female,Student,Casual,5.2,36.4,Evening,6.2,5,4,95,93,Neutral,Optimal Sleep,66.5
797,U0798,28,Female,Working Professional,Puzzle,4.3,30.1,Morning,8.4,7,9,92,96,Neutral,Long Sleep,93.0
798,U0799,25,Male,Working Professional,Simulation,1.1,7.7,Morning,8.0,2,6,69,64,Positive,Optimal Sleep,62.0
799,U0800,30,Male,Student,Puzzle,1.8,12.6,Morning,7.4,7,9,79,77,Positive,Optimal Sleep,83.5
800,U0801,24,Female,Student,Action,0.9,6.3,Morning,4.6,3,4,73,75,Neutral,Short Sleep,57.5
801,U0802,35,Male,Student,Strategy,1.6,11.2,Morning,5.2,6,8,66,66,Neutral,Short Sleep,73.0
802,U0803,21,Female,Student,Puzzle,1.5,10.5,Evening,5.5,3,3,63,64,Neutral,Short Sleep,47.0
803,U0804,20,Male,Student,Strategy,1.8,12.6,Morning,7.7,4,7,94,95,Positive,Optimal Sleep,82.5
804,U0805,25,Male,Student,Simulation,1.6,11.2,Evening,6.0,7,5,93,94,Neutral,Optimal Sleep,72.0
805,U0806,34,Female,Student,Casual,4.8,33.6,Morning,5.8,2,8,72,69,Negative,Short Sleep,74.5
806,U0807,34,Female,Working Professional,Simulation,4.8,33.6,Evening,7.7,3,4,87,88,Neutral,Optimal Sleep,64.0
807,U0808,26,Female,Student,Strategy,1.5,10.5,Morning,7.3,9,8,86,88,Positive,Optimal Sleep,84.0
808,U0809,31,Female,Student,Puzzle,5.4,37.8,Evening,6.3,5,6,68,67,Neutral,Optimal Sleep,63.5
809,U0810,29,Male,Student,Sports,3.5,24.5,Night,5.0,3,5,83,86,Neutral,Short Sleep,68.0
810,U0811,33,Female,Working Professional,Sports,3.9,27.3,Morning,6.2,9,6,81,81,Neutral,Optimal Sleep,70.5
811,U0812,34,Male,Working Professional,Strategy,1.5,10.5,Morning,5.4,3,5,60,59,Neutral,Short Sleep,54.5
812,U0813,28,Female,Working Professional,Casual,1.2,8.4,Night,5.9,5,5,67,72,Neutral,Short Sleep,61.0
813,U0814,18,Female,Working Professional,Puzzle,5.1,35.7,Evening,5.3,4,9,89,88,Negative,Short Sleep,89.0
814,U0815,30,Male,Student,Casual,5.7,39.9,Night,7.8,2,6,87,84,Neutral,Optimal Sleep,72.0
815,U0816,20,Female,Student,Sports,1.7,11.9,Night,5.4,9,8,84,84,Neutral,Short Sleep,82.0
816,U0817,22,Female,Student,Sports,2.8,19.6,Night,6.3,2,5,63,67,Neutral,Optimal Sleep,58.5
817,U0818,27,Female,Student,Simulation,5.1,35.7,Morning,5.9,8,6,80,83,Negative,Short Sleep,71.5
818,U0819,30,Female,Student,Sports,5.6,39.2,Morning,5.1,7,7,95,99,Negative,Short Sleep,84.5
819,U0820,27,Male,Student,Action,3.4,23.8,Night,5.3,3,5,91,93,Neutral,Short Sleep,71.5
820,U0821,20,Female,Working Professional,Strategy,3.5,24.5,Morning,4.6,9,3,66,64,Neutral,Short Sleep,47.0
821,U0822,18,Male,Working Professional,Sports,2.1,14.7,Evening,6.6,9,3,78,81,Neutral,Optimal Sleep,55.5
822,U0823,24,Male,Student,Puzzle,1.4,9.8,Evening,4.9,8,6,59,60,Neutral,Short Sleep,60.0
823,U0824,24,Female,Working Professional,Strategy,5.0,35.0,Morning,7.2,4,7,91,90,Neutral,Optimal Sleep,80.0
824,U0825,28,Female,Working Professional,Sports,6.0,42.0,Night,6.3,8,7,70,73,Neutral,Optimal Sleep,71.5
825,U0826,23,Female,Student,Strategy,0.7,4.9,Night,4.9,9,5,74,75,Neutral,Short Sleep,62.5
826,U0827,30,Male,Student,Strategy,4.5,31.5,Evening,6.3,4,8,91,87,Neutral,Optimal Sleep,83.5
827,U0828,31,Male,Working Professional,Action,5.4,37.8,Morning,6.7,3,8,68,70,Neutral,Optimal Sleep,75.0
828,U0829,24,Male,Working Professional,Action,3.3,23.1,Morning,7.6,8,6,65,64,Neutral,Optimal Sleep,62.0
829,U0830,24,Female,Student,Action,4.0,28.0,Evening,7.2,9,6,76,77,Neutral,Optimal Sleep,68.5
830,U0831,32,Male,Student,Simulation,1.1,7.7,Night,8.2,7,8,84,86,Positive,Long Sleep,83.0
831,U0832,23,Male,Student,Strategy,1.8,12.6,Evening,8.3,4,6,72,69,Positive,Long Sleep,64.5
832,U0833,26,Male,Working Professional,Puzzle,1.2,8.4,Morning,7.5,4,3,55,60,Positive,Optimal Sleep,45.0
833,U0834,34,Male,Working Professional,Casual,1.7,11.9,Evening,4.6,5,6,58,63,Neutral,Short Sleep,61.5
834,U0835,25,Female,Student,Strategy,2.9,20.3,Morning,6.9,2,9,79,77,Neutral,Optimal Sleep,83.5
835,U0836,20,Male,Student,Casual,0.6,4.2,Morning,4.6,2,5,67,72,Neutral,Short Sleep,61.0
836,U0837,35,Male,Student,Simulation,4.5,31.5,Evening,4.7,3,9,75,75,Negative,Short Sleep,82.5
837,U0838,23,Male,Working Professional,Casual,5.7,39.9,Evening,5.0,5,3,77,77,Negative,Short Sleep,53.5
838,U0839,29,Male,Student,Strategy,0.6,4.2,Evening,5.4,5,3,72,77,Neutral,Short Sleep,53.5
839,U0840,23,Female,Student,Simulation,2.2,15.4,Evening,6.9,3,8,89,93,Neutral,Optimal Sleep,86.5
840,U0841,28,Female,Student,Puzzle,5.9,41.3,Morning,7.3,4,5,66,71,Neutral,Optimal Sleep,60.5
841,U0842,34,Male,Student,Action,3.8,26.6,Night,6.8,8,7,95,93,Neutral,Optimal Sleep,81.5
842,U0843,20,Male,Student,Puzzle,4.7,32.9,Evening,5.0,5,8,82,80,Negative,Short Sleep,80.0
843,U0844,32,Female,Student,Puzzle,2.1,14.7,Evening,5.1,5,8,57,55,Neutral,Short Sleep,67.5
844,U0845,25,Female,Working Professional,Strategy,4.0,28.0,Morning,7.5,8,8,73,68,Neutral,Optimal Sleep,74.0
845,U0846,30,Female,Student,Sports,3.5,24.5,Night,8.1,5,9,69,73,Neutral,Long Sleep,81.5
846,U0847,22,Male,Student,Action,0.5,3.5,Morning,8.0,3,4,58,63,Positive,Optimal Sleep,51.5
847,U0848,31,Female,Working Professional,Strategy,3.8,26.6,Night,7.8,5,4,87,83,Neutral,Optimal Sleep,61.5
848,U0849,32,Male,Working Professional,Sports,1.6,11.2,Morning,6.2,5,5,73,77,Neutral,Optimal Sleep,63.5
849,U0850,31,Female,Student,Sports,5.7,39.9,Morning,5.9,8,4,85,87,Negative,Short Sleep,63.5
850,U0851,35,Male,Student,Puzzle,4.7,32.9,Evening,6.2,3,9,74,78,Neutral,Optimal Sleep,84.0
851,U0852,20,Female,Student,Casual,3.1,21.7,Evening,6.3,8,7,93,95,Neutral,Optimal Sleep,82.5
852,U0853,33,Female,Working Professional,Sports,1.6,11.2,Night,8.2,2,3,87,87,Positive,Long Sleep,58.5
853,U0854,30,Male,Student,Sports,2.6,18.2,Evening,6.5,3,6,57,53,Neutral,Optimal Sleep,56.5
854,U0855,29,Male,Working Professional,Sports,4.7,32.9,Night,7.5,7,7,86,91,Neutral,Optimal Sleep,80.5
855,U0856,22,Female,Working Professional,Casual,1.9,13.3,Morning,6.4,7,8,56,61,Neutral,Optimal Sleep,70.5
856,U0857,30,Female,Student,Simulation,1.9,13.3,Morning,6.9,4,3,62,58,Neutral,Optimal Sleep,44.0
857,U0858,35,Female,Working Professional,Casual,5.3,37.1,Evening,5.2,8,5,74,77,Negative,Short Sleep,63.5
858,U0859,29,Male,Working Professional,Casual,4.6,32.2,Morning,8.2,3,3,95,99,Neutral,Long Sleep,64.5
859,U0860,18,Male,Student,Casual,5.6,39.2,Evening,6.1,6,3,65,67,Neutral,Optimal Sleep,48.5
860,U0861,23,Male,Student,Sports,3.4,23.8,Morning,7.1,8,4,66,66,Neutral,Optimal Sleep,53.0
861,U0862,23,Male,Working Professional,Sports,3.3,23.1,Evening,4.9,5,4,67,62,Neutral,Short Sleep,51.0
862,U0863,30,Male,Working Professional,Action,3.9,27.3,Evening,7.0,4,3,73,69,Neutral,Optimal Sleep,49.5
863,U0864,19,Female,Student,Casual,0.7,4.9,Night,5.4,9,8,61,56,Neutral,Short Sleep,68.0
864,U0865,34,Female,Working Professional,Sports,4.8,33.6,Evening,4.7,5,7,55,56,Negative,Short Sleep,63.0
865,U0866,30,Female,Student,Puzzle,3.8,26.6,Evening,5.8,7,5,70,70,Neutral,Short Sleep,60.0
866,U0867,21,Female,Student,Puzzle,4.9,34.3,Evening,4.5,8,8,63,58,Negative,Short Sleep,69.0
867,U0868,24,Male,Working Professional,Action,3.9,27.3,Night,7.1,9,7,81,86,Neutral,Optimal Sleep,78.0
868,U0869,33,Female,Student,Puzzle,2.5,17.5,Evening,4.7,7,8,83,81,Neutral,Short Sleep,80.5
869,U0870,27,Male,Student,Simulation,5.7,39.9,Night,8.3,9,8,61,62,Neutral,Long Sleep,71.0
870,U0871,27,Female,Student,Sports,4.8,33.6,Morning,7.4,2,4,86,82,Neutral,Optimal Sleep,61.0
871,U0872,20,Male,Working Professional,Casual,3.2,22.4,Morning,6.7,5,4,65,70,Neutral,Optimal Sleep,55.0
872,U0873,26,Female,Student,Casual,1.4,9.8,Morning,8.2,8,9,72,70,Positive,Long Sleep,80.0
873,U0874,20,Female,Working Professional,Casual,5.6,39.2,Night,7.0,9,3,76,74,Neutral,Optimal Sleep,52.0
874,U0875,26,Male,Working Professional,Action,4.5,31.5,Morning,6.0,8,9,69,67,Neutral,Optimal Sleep,78.5
875,U0876,29,Male,Working Professional,Sports,1.0,7.0,Night,7.5,5,8,62,66,Positive,Optimal Sleep,73.0
876,U0877,28,Female,Student,Simulation,4.6,32.2,Night,5.7,5,9,79,80,Negative,Short Sleep,85.0
877,U0878,28,Male,Working Professional,Strategy,3.8,26.6,Evening,5.4,8,3,89,91,Neutral,Short Sleep,60.5
878,U0879,28,Female,Student,Puzzle,4.2,29.4,Night,5.1,6,4,57,61,Negative,Short Sleep,50.5
879,U0880,19,Female,Student,Casual,3.7,25.9,Morning,7.0,5,6,73,74,Neutral,Optimal Sleep,67.0
880,U0881,33,Female,Working Professional,Casual,5.2,36.4,Morning,8.2,5,8,58,55,Neutral,Long Sleep,67.5
881,U0882,30,Female,Student,Simulation,6.0,42.0,Night,6.7,7,6,85,85,Neutral,Optimal Sleep,72.5
882,U0883,21,Male,Working Professional,Simulation,2.1,14.7,Morning,7.3,5,8,90,91,Neutral,Optimal Sleep,85.5
883,U0884,22,Female,Working Professional,Puzzle,5.2,36.4,Morning,7.3,9,8,65,69,Neutral,Optimal Sleep,74.5
884,U0885,21,Male,Working Professional,Sports,1.7,11.9,Night,7.7,5,8,55,55,Positive,Optimal Sleep,67.5
885,U0886,19,Male,Working Professional,Simulation,5.1,35.7,Evening,8.2,3,5,85,82,Neutral,Long Sleep,66.0
886,U0887,25,Female,Working Professional,Puzzle,5.8,40.6,Night,7.0,8,4,57,53,Neutral,Optimal Sleep,46.5
887,U0888,30,Female,Working Professional,Puzzle,3.8,26.6,Morning,5.2,8,9,60,62,Neutral,Short Sleep,76.0
888,U0889,18,Female,Working Professional,Casual,1.2,8.4,Night,4.8,9,8,87,85,Neutral,Short Sleep,82.5
889,U0890,22,Male,Working Professional,Action,1.0,7.0,Night,6.9,8,6,82,81,Neutral,Optimal Sleep,70.5
890,U0891,35,Female,Student,Simulation,5.5,38.5,Night,7.7,4,6,56,57,Neutral,Optimal Sleep,58.5
891,U0892,21,Male,Student,Action,3.5,24.5,Night,7.8,3,9,68,73,Neutral,Optimal Sleep,81.5
892,U0893,23,Male,Working Professional,Action,3.0,21.0,Morning,5.8,2,4,91,89,Neutral,Short Sleep,64.5
893,U0894,18,Male,Working Professional,Action,5.9,41.3,Night,6.5,7,7,65,66,Neutral,Optimal Sleep,68.0
894,U0895,28,Female,Student,Casual,5.5,38.5,Morning,5.7,9,4,91,93,Negative,Short Sleep,66.5
895,U0896,24,Male,Student,Simulation,4.1,28.7,Evening,4.7,2,4,64,63,Negative,Short Sleep,51.5
896,U0897,26,Female,Student,Sports,2.0,14.0,Evening,7.4,8,3,90,89,Positive,Optimal Sleep,59.5
897,U0898,24,Male,Working Professional,Casual,1.0,7.0,Night,5.5,8,8,64,67,Neutral,Short Sleep,73.5
898,U0899,31,Female,Student,Simulation,4.1,28.7,Morning,7.4,4,6,64,64,Neutral,Optimal Sleep,62.0
899,U0900,20,Female,Student,Puzzle,0.9,6.3,Evening,5.0,3,8,90,91,Neutral,Short Sleep,85.5
900,U0901,30,Male,Working Professional,Action,4.8,33.6,Morning,5.1,5,5,55,51,Negative,Short Sleep,50.5
901,U0902,34,Female,Working Professional,Simulation,1.5,10.5,Evening,7.4,6,7,86,82,Positive,Optimal Sleep,76.0
902,U0903,29,Female,Working Professional,Simulation,3.8,26.6,Morning,8.1,4,5,79,76,Neutral,Long Sleep,63.0
903,U0904,30,Female,Student,Casual,1.9,13.3,Night,7.2,4,8,63,60,Positive,Optimal Sleep,70.0
904,U0905,32,Male,Working Professional,Puzzle,5.9,41.3,Evening,7.3,5,8,93,94,Neutral,Optimal Sleep,87.0
905,U0906,20,Female,Working Professional,Puzzle,3.3,23.1,Morning,5.6,8,7,69,68,Neutral,Short Sleep,69.0
906,U0907,19,Male,Working Professional,Simulation,4.0,28.0,Evening,4.8,5,3,65,69,Negative,Short Sleep,49.5
907,U0908,33,Female,Student,Sports,4.9,34.3,Morning,4.5,8,8,87,84,Negative,Short Sleep,82.0
908,U0909,29,Male,Student,Simulation,3.9,27.3,Evening,8.1,2,8,82,85,Neutral,Long Sleep,82.5
909,U0910,22,Female,Student,Sports,5.8,40.6,Evening,7.2,5,4,59,59,Neutral,Optimal Sleep,49.5
910,U0911,21,Female,Working Professional,Sports,2.6,18.2,Evening,6.0,3,5,70,73,Neutral,Optimal Sleep,61.5
911,U0912,34,Male,Working Professional,Simulation,2.0,14.0,Evening,4.5,8,4,74,79,Neutral,Short Sleep,59.5
912,U0913,21,Male,Working Professional,Casual,0.8,5.6,Morning,4.5,9,5,74,74,Neutral,Short Sleep,62.0
913,U0914,34,Male,Working Professional,Action,2.7,18.9,Evening,4.5,8,6,67,63,Neutral,Short Sleep,61.5
914,U0915,29,Female,Working Professional,Sports,0.5,3.5,Morning,7.6,6,4,85,86,Positive,Optimal Sleep,63.0
915,U0916,22,Female,Working Professional,Action,3.5,24.5,Evening,5.6,9,8,83,80,Neutral,Short Sleep,80.0
916,U0917,22,Female,Working Professional,Casual,5.4,37.8,Evening,7.3,3,4,73,68,Neutral,Optimal Sleep,54.0
917,U0918,31,Female,Working Professional,Casual,5.5,38.5,Night,5.1,5,6,72,68,Negative,Short Sleep,64.0
918,U0919,21,Male,Student,Strategy,1.2,8.4,Morning,7.5,8,7,79,76,Positive,Optimal Sleep,73.0
919,U0920,18,Female,Working Professional,Puzzle,2.4,16.8,Evening,4.6,5,3,76,77,Neutral,Short Sleep,53.5
920,U0921,23,Male,Working Professional,Action,3.2,22.4,Evening,7.5,5,7,64,67,Neutral,Optimal Sleep,68.5
921,U0922,34,Male,Student,Simulation,6.0,42.0,Night,5.5,8,4,85,81,Negative,Short Sleep,60.5
922,U0923,24,Male,Working Professional,Action,4.0,28.0,Night,5.4,4,6,57,56,Negative,Short Sleep,58.0
923,U0924,25,Male,Working Professional,Sports,1.6,11.2,Evening,8.0,8,6,88,87,Positive,Optimal Sleep,73.5
924,U0925,29,Female,Working Professional,Casual,0.8,5.6,Evening,6.2,2,5,62,61,Neutral,Optimal Sleep,55.5
925,U0926,28,Male,Working Professional,Sports,1.9,13.3,Evening,8.1,4,3,55,50,Positive,Long Sleep,40.0
926,U0927,28,Female,Student,Action,5.5,38.5,Night,4.9,4,5,86,86,Negative,Short Sleep,68.0
927,U0928,34,Female,Student,Casual,0.6,4.2,Evening,6.7,4,5,78,78,Neutral,Optimal Sleep,64.0
928,U0929,21,Male,Student,Strategy,1.7,11.9,Night,6.0,3,4,95,99,Neutral,Optimal Sleep,69.5
929,U0930,35,Male,Student,Strategy,3.0,21.0,Morning,4.9,7,5,85,83,Neutral,Short Sleep,66.5
930,U0931,21,Female,Student,Sports,2.8,19.6,Evening,7.3,7,5,83,88,Neutral,Optimal Sleep,69.0
931,U0932,22,Female,Student,Simulation,3.4,23.8,Morning,8.3,2,4,93,92,Neutral,Long Sleep,66.0
932,U0933,20,Male,Working Professional,Simulation,4.9,34.3,Evening,7.3,8,6,89,92,Neutral,Optimal Sleep,76.0
933,U0934,23,Male,Student,Simulation,3.6,25.2,Evening,6.1,6,4,66,61,Neutral,Optimal Sleep,50.5
934,U0935,26,Male,Student,Strategy,3.3,23.1,Morning,7.4,6,5,69,68,Neutral,Optimal Sleep,59.0
935,U0936,19,Male,Student,Simulation,3.4,23.8,Morning,5.7,4,5,63,62,Neutral,Short Sleep,56.0
936,U0937,26,Male,Working Professional,Simulation,0.5,3.5,Evening,5.9,7,5,60,63,Neutral,Short Sleep,56.5
937,U0938,26,Male,Working Professional,Action,2.3,16.1,Night,4.7,2,9,77,75,Neutral,Short Sleep,82.5
938,U0939,26,Male,Working Professional,Strategy,4.1,28.7,Evening,8.0,3,8,79,84,Neutral,Optimal Sleep,82.0
939,U0940,31,Female,Student,Sports,2.0,14.0,Morning,6.8,8,4,83,81,Neutral,Optimal Sleep,60.5
940,U0941,23,Female,Student,Puzzle,3.2,22.4,Morning,6.3,4,4,91,93,Neutral,Optimal Sleep,66.5
941,U0942,31,Male,Working Professional,Casual,5.4,37.8,Evening,7.8,5,3,64,60,Neutral,Optimal Sleep,45.0
942,U0943,30,Male,Student,Action,1.1,7.7,Night,6.6,2,7,61,62,Neutral,Optimal Sleep,66.0
943,U0944,18,Male,Student,Simulation,5.6,39.2,Night,5.0,3,5,64,69,Negative,Short Sleep,59.5
944,U0945,32,Male,Working Professional,Puzzle,5.0,35.0,Evening,7.9,3,4,63,65,Neutral,Optimal Sleep,52.5
945,U0946,18,Male,Student,Simulation,1.3,9.1,Evening,4.7,6,8,89,85,Neutral,Short Sleep,82.5
946,U0947,18,Male,Working Professional,Sports,1.1,7.7,Morning,8.0,8,4,55,53,Positive,Optimal Sleep,46.5
947,U0948,23,Male,Student,Action,2.4,16.8,Evening,5.6,8,8,62,64,Neutral,Short Sleep,72.0
948,U0949,22,Male,Working Professional,Simulation,2.5,17.5,Evening,7.0,3,5,60,55,Neutral,Optimal Sleep,52.5
949,U0950,27,Female,Student,Puzzle,3.8,26.6,Evening,7.2,4,8,74,78,Neutral,Optimal Sleep,79.0
950,U0951,22,Female,Student,Sports,4.1,28.7,Evening,8.2,3,9,55,52,Neutral,Long Sleep,71.0
951,U0952,31,Female,Student,Action,4.5,31.5,Evening,7.6,9,9,59,55,Neutral,Optimal Sleep,72.5
952,U0953,31,Female,Working Professional,Simulation,6.0,42.0,Night,5.2,8,5,75,77,Negative,Short Sleep,63.5
953,U0954,33,Female,Student,Sports,2.3,16.1,Morning,7.7,5,6,81,84,Neutral,Optimal Sleep,72.0
954,U0955,29,Male,Student,Action,3.7,25.9,Evening,6.2,5,8,60,58,Neutral,Optimal Sleep,69.0
955,U0956,22,Female,Working Professional,Strategy,3.6,25.2,Night,8.3,3,3,77,77,Neutral,Long Sleep,53.5
956,U0957,22,Male,Student,Sports,5.8,40.6,Night,8.2,5,4,69,64,Neutral,Long Sleep,52.0
957,U0958,20,Female,Student,Action,0.6,4.2,Morning,8.4,7,3,61,66,Positive,Long Sleep,48.0
958,U0959,22,Male,Working Professional,Casual,2.5,17.5,Morning,4.8,3,3,91,92,Neutral,Short Sleep,61.0
959,U0960,32,Male,Working Professional,Action,4.6,32.2,Morning,7.3,6,6,81,81,Neutral,Optimal Sleep,70.5
960,U0961,30,Female,Working Professional,Simulation,0.8,5.6,Night,7.1,4,7,65,60,Positive,Optimal Sleep,65.0
961,U0962,23,Female,Student,Simulation,5.1,35.7,Evening,8.2,6,8,69,70,Neutral,Long Sleep,75.0
962,U0963,25,Female,Student,Casual,5.9,41.3,Night,5.0,5,6,94,89,Negative,Short Sleep,74.5
963,U0964,30,Female,Student,Action,3.8,26.6,Evening,4.8,9,6,75,80,Neutral,Short Sleep,70.0
964,U0965,28,Male,Student,Puzzle,4.1,28.7,Morning,5.3,3,3,59,59,Negative,Short Sleep,44.5
965,U0966,35,Male,Student,Strategy,3.5,24.5,Evening,4.8,2,9,74,72,Neutral,Short Sleep,81.0
966,U0967,19,Female,Student,Puzzle,1.0,7.0,Morning,6.8,2,7,85,80,Neutral,Optimal Sleep,75.0
967,U0968,30,Female,Student,Casual,5.9,41.3,Night,7.5,8,7,67,67,Neutral,Optimal Sleep,68.5
968,U0969,30,Female,Student,Puzzle,1.0,7.0,Morning,6.1,3,7,64,59,Neutral,Optimal Sleep,64.5
969,U0970,22,Male,Working Professional,Sports,1.3,9.1,Morning,6.4,3,8,69,67,Neutral,Optimal Sleep,73.5
970,U0971,24,Male,Student,Simulation,2.4,16.8,Night,5.9,8,3,79,77,Neutral,Short Sleep,53.5
971,U0972,20,Female,Student,Sports,6.0,42.0,Evening,4.9,2,4,74,77,Negative,Short Sleep,58.5
972,U0973,29,Male,Student,Strategy,1.4,9.8,Night,5.7,3,5,91,91,Neutral,Short Sleep,70.5
973,U0974,22,Male,Working Professional,Action,4.7,32.9,Evening,5.5,9,5,83,88,Negative,Short Sleep,69.0
974,U0975,28,Female,Student,Casual,5.2,36.4,Evening,6.1,4,6,78,81,Neutral,Optimal Sleep,70.5
975,U0976,35,Male,Student,Action,3.3,23.1,Evening,5.6,2,7,58,56,Neutral,Short Sleep,63.0
976,U0977,20,Female,Working Professional,Sports,2.6,18.2,Night,6.8,3,4,79,81,Neutral,Optimal Sleep,60.5
977,U0978,30,Female,Student,Sports,3.4,23.8,Evening,7.8,3,3,66,62,Neutral,Optimal Sleep,46.0
978,U0979,26,Female,Student,Simulation,0.9,6.3,Morning,5.9,9,4,85,81,Neutral,Short Sleep,60.5
979,U0980,30,Male,Working Professional,Sports,5.7,39.9,Evening,5.1,5,5,91,86,Negative,Short Sleep,68.0
980,U0981,26,Male,Student,Strategy,1.7,11.9,Morning,5.3,2,9,82,81,Neutral,Short Sleep,85.5
981,U0982,24,Female,Student,Action,2.0,14.0,Morning,4.8,9,9,81,84,Neutral,Short Sleep,87.0
982,U0983,31,Female,Working Professional,Simulation,5.4,37.8,Night,6.2,6,4,67,67,Neutral,Optimal Sleep,53.5
983,U0984,18,Male,Student,Casual,4.8,33.6,Night,8.4,8,5,91,92,Neutral,Long Sleep,71.0
984,U0985,22,Female,Working Professional,Action,3.7,25.9,Night,5.1,7,3,64,66,Neutral,Short Sleep,48.0
985,U0986,32,Male,Student,Strategy,2.7,18.9,Night,6.6,2,6,63,68,Neutral,Optimal Sleep,64.0
986,U0987,29,Male,Student,Casual,5.9,41.3,Night,6.2,4,7,79,77,Neutral,Optimal Sleep,73.5
987,U0988,34,Male,Working Professional,Casual,5.8,40.6,Evening,6.0,7,3,74,73,Neutral,Optimal Sleep,51.5
988,U0989,23,Female,Working Professional,Puzzle,2.8,19.6,Morning,5.9,8,7,76,72,Neutral,Short Sleep,71.0
989,U0990,31,Female,Student,Action,3.5,24.5,Morning,5.2,8,6,73,78,Neutral,Short Sleep,69.0
990,U0991,35,Male,Working Professional,Simulation,1.0,7.0,Night,4.6,8,3,86,90,Neutral,Short Sleep,60.0
991,U0992,35,Female,Student,Strategy,4.9,34.3,Evening,7.2,8,4,69,71,Neutral,Optimal Sleep,55.5
992,U0993,29,Male,Working Professional,Puzzle,5.7,39.9,Night,5.9,9,6,80,75,Negative,Short Sleep,67.5
993,U0994,31,Male,Student,Action,2.0,14.0,Morning,7.9,8,8,70,65,Positive,Optimal Sleep,72.5
994,U0995,31,Male,Working Professional,Strategy,4.8,33.6,Night,7.9,7,5,65,69,Neutral,Optimal Sleep,59.5
995,U0996,23,Female,Working Professional,Simulation,4.0,28.0,Morning,7.8,8,4,95,96,Neutral,Optimal Sleep,68.0
996,U0997,30,Female,Student,Puzzle,2.9,20.3,Morning,4.9,4,7,62,67,Neutral,Short Sleep,68.5
997,U0998,18,Male,Working Professional,Action,1.0,7.0,Night,4.6,2,8,92,89,Neutral,Short Sleep,84.5
998,U0999,25,Female,Student,Simulation,4.5,31.5,Morning,8.4,7,4,70,75,Neutral,Long Sleep,57.5
999,U1000,19,Female,Student,Strategy,4.5,31.5,Night,7.7,8,9,71,76,Neutral,Optimal Sleep,83.0
